-- phpMyAdmin SQL Dump
-- version 5.1.0
-- https://www.phpmyadmin.net/
--
-- Host: 127.0.0.1
-- Generation Time: Oct 18, 2025 at 03:06 PM
-- Server version: 10.4.18-MariaDB
-- PHP Version: 8.0.3

SET SQL_MODE = "NO_AUTO_VALUE_ON_ZERO";
START TRANSACTION;
SET time_zone = "+00:00";


/*!40101 SET @OLD_CHARACTER_SET_CLIENT=@@CHARACTER_SET_CLIENT */;
/*!40101 SET @OLD_CHARACTER_SET_RESULTS=@@CHARACTER_SET_RESULTS */;
/*!40101 SET @OLD_COLLATION_CONNECTION=@@COLLATION_CONNECTION */;
/*!40101 SET NAMES utf8mb4 */;

--
-- Database: `pizzadb`
--

-- --------------------------------------------------------

--
-- Table structure for table `admin_tbl`
--

CREATE TABLE `admin_tbl` (
  `admin_id` int(5) NOT NULL,
  `admin_name` varchar(100) NOT NULL,
  `admin_email` varchar(100) DEFAULT NULL,
  `admin_password` varchar(100) NOT NULL,
  `admin_status` varchar(100) DEFAULT NULL,
  `admin_photo` varchar(250) NOT NULL
) ENGINE=InnoDB DEFAULT CHARSET=utf8mb4;

--
-- Dumping data for table `admin_tbl`
--

INSERT INTO `admin_tbl` (`admin_id`, `admin_name`, `admin_email`, `admin_password`, `admin_status`, `admin_photo`) VALUES
(1, 'admin', 'admin123@gmail.com', 'admin123', 'active', 'images/admin_photo/p1.jpg');

-- --------------------------------------------------------

--
-- Table structure for table `blog_tbl`
--

CREATE TABLE `blog_tbl` (
  `blog_id` int(5) NOT NULL,
  `blog_title` varchar(200) NOT NULL,
  `blog_content` text NOT NULL,
  `blog_photo` varchar(150) DEFAULT NULL,
  `blog_date` datetime DEFAULT current_timestamp(),
  `admin_id` int(5) DEFAULT NULL,
  `blog_cat_id` int(5) DEFAULT NULL
) ENGINE=InnoDB DEFAULT CHARSET=utf8mb4;

--
-- Dumping data for table `blog_tbl`
--

INSERT INTO `blog_tbl` (`blog_id`, `blog_title`, `blog_content`, `blog_photo`, `blog_date`, `admin_id`, `blog_cat_id`) VALUES
(1, 'Top Pizza Toppings', 'From the timeless appeal of mozzarella cheese and pepperoni to adventurous choices like paneer tikka and jalapeños, pizza toppings can make or break the flavor experience. This blog dives into the most loved toppings across the globe and why they’re favorites. We\'ll explore classic combinations and modern twists, and help you discover new toppings that bring out the best in every slice—perfect for customizing your next pizza night.', './images/blog_photo/b1.jpg', '2025-10-06 17:01:37', 1, 1),
(2, 'Perfect Pizza Pairings', 'Pairing your pizza with the right beverage or side dish can elevate the entire meal. Whether you\'re enjoying a cheesy Margherita or a spicy BBQ Chicken pizza, the right drink—be it wine, soda, or mocktails—can complement flavors beautifully. In this post, we cover top drink pairings, dipping sauces, and side dishes that complete the pizza experience. From garlic bread to crisp salads and cold brews, you’ll learn how to create the perfect pizza combo.', './images/blog_photo/b2.jpg', '2025-08-17 20:08:29', 1, 2),
(3, 'Behind the Oven', 'Ever wondered what goes into making the perfect pizza behind the scenes? This blog takes you into the kitchen to explore how our chefs craft each pizza with care—from kneading the dough to perfecting the bake. We’ll walk you through our oven techniques, sourcing of fresh ingredients, and the passion that drives our culinary team. It\'s a flavorful behind-the-scenes journey that reveals the love baked into every bite.', './images/blog_photo/b3.jpg', '2025-08-17 20:08:29', 1, 3),
(4, 'Healthy Pizza Picks', 'Pizza doesn’t always have to be indulgent. In this article, we show you how to enjoy your favorite meal while staying health-conscious. Discover crust options like whole wheat or cauliflower, low-fat cheese choices, and protein-rich, veggie-loaded toppings. Whether you\'re on a diet or just prefer eating clean, these healthy pizza picks offer guilt-free enjoyment without compromising taste.', './images/blog_photo/b4.jpg', '2025-08-17 20:08:29', 1, 4),
(5, 'Eat Together, Bond Better', 'There’s something magical about sharing a meal, and pizza is one of the most social foods around. This blog explores the emotional and psychological benefits of eating together—be it with family, friends, or coworkers. From birthday parties to office lunches, we reflect on why pizza brings people closer and how it continues to be a symbol of togetherness and joy.', './images/blog_photo/b5.jpg', '2025-08-17 20:08:29', 1, 5),
(6, 'AI Tools for Business', 'Artificial Intelligence is changing the business landscape, especially for startups and small companies. In this blog, we highlight the most effective AI tools that can automate tasks, enhance customer service, and boost productivity. Whether you\'re managing inventory, analyzing customer behavior, or running email campaigns, AI can help optimize operations with minimal effort and maximum impact.', './images/blog_photo/b6.jpg', '2025-08-17 20:08:29', 1, 6),
(7, 'Why We Crave Pizza', 'What makes pizza so irresistible? Is it the melted cheese, the savory sauce, or the perfect crunch of the crust? In this article, we break down the science of pizza cravings—how flavors, textures, and even memories trigger our love for this universally adored food. We also explore the psychology behind comfort food and why pizza often tops the list.', './images/blog_photo/b7.jpg', '2025-08-17 20:08:29', 1, 1),
(8, 'Global Pizza Tour', 'Take a trip around the world with us as we explore how different cultures interpret pizza. From Italy’s thin-crust Neapolitans to Japan’s mayonnaise-drizzled pies, and India’s spicy masala versions, pizza has evolved in delicious ways across borders. This blog celebrates global diversity in pizza styles, toppings, and traditions—inviting you to try something new with every bite.', './images/blog_photo/b8.jpg', '2025-08-17 20:08:29', 1, 5),
(9, 'Desi Pizza Styles', 'India has embraced pizza in a way that reflects its rich and spicy culinary heritage. In this blog, we dive into Desi-style pizzas that use ingredients like paneer, tandoori chicken, green chutney, and masala-spiced bases. Whether it’s a butter chicken pizza or pav bhaji fusion, these Indian twists are full of bold flavors that cater to local tastes while keeping the pizza spirit alive.', './images/blog_photo/b9.jpg', '2025-08-17 20:08:29', 1, 1),
(10, 'Our Startup Story', 'Every successful brand has a journey, and ours began with a dream to serve delicious, affordable pizzas made with love. In this blog, we share our startup story—from the challenges of setting up a kitchen and building a team, to finding our first customers and growing through word of mouth. It’s a heartfelt narrative that reflects our passion, struggles, and commitment to excellence as we continue to expand our pizza family.', './images/blog_photo/b10.jpg', '2025-08-17 20:08:29', 1, 3);

-- --------------------------------------------------------

--
-- Table structure for table `cart_master_tbl`
--

CREATE TABLE `cart_master_tbl` (
  `cart_id` int(5) NOT NULL,
  `prod_id` int(5) NOT NULL,
  `user_id` int(5) NOT NULL,
  `prod_qty` int(11) NOT NULL,
  `prod_price` decimal(10,2) NOT NULL,
  `total_price` decimal(10,2) NOT NULL
) ENGINE=InnoDB DEFAULT CHARSET=utf8mb4;

-- --------------------------------------------------------

--
-- Table structure for table `category_tbl`
--

CREATE TABLE `category_tbl` (
  `cat_id` int(5) NOT NULL,
  `cat_name` varchar(150) NOT NULL,
  `cat_description` varchar(150) DEFAULT NULL,
  `cat_photo` varchar(150) DEFAULT NULL
) ENGINE=InnoDB DEFAULT CHARSET=utf8mb4;

--
-- Dumping data for table `category_tbl`
--

INSERT INTO `category_tbl` (`cat_id`, `cat_name`, `cat_description`, `cat_photo`) VALUES
(1, 'Italian Pizza', 'Classic Italian style pizza with authentic ingredients', './images/cat_photo/italian.jpg'),
(2, 'Mexican Wave', 'Spicy Mexican flavored pizza with a zesty twist', './images/cat_photo/mexican.jpg'),
(3, 'Peri Peri Delight', 'Hot and tangy peri peri flavored pizza', './images/cat_photo/peri_peri_delight.png'),
(4, 'Paneer Supreme', 'Loaded with paneer cubes and Indian spices', './images/cat_photo/paneer_supreme.jpg'),
(5, 'Margherita Classic', 'Simple and cheesy margherita with fresh basil', './images/cat_photo/margherita_classic.jpg'),
(6, 'Stuffed Garlic Bread', 'Garlic bread stuffed with cheesy fillings', './images/cat_photo/stuffed_garlic_bread.jpg'),
(7, 'Desserts', 'Sweet treats to complete your meal', './images/cat_photo/dessert.jpg'),
(8, 'Other Items', 'Special party combos and meal offers', './images/cat_photo/other_items.jpg'),
(9, 'Beverages', 'Refreshing hot and cold drinks', './images/cat_photo/beverages.jpg');

-- --------------------------------------------------------

--
-- Table structure for table `comment_tbl`
--

CREATE TABLE `comment_tbl` (
  `comment_id` int(5) NOT NULL,
  `blog_id` int(5) DEFAULT NULL,
  `user_name` varchar(150) NOT NULL,
  `user_email` varchar(150) DEFAULT NULL,
  `comment_text` varchar(500) NOT NULL,
  `comment_date` datetime DEFAULT current_timestamp()
) ENGINE=InnoDB DEFAULT CHARSET=utf8mb4;

-- --------------------------------------------------------

--
-- Table structure for table `contact_us`
--

CREATE TABLE `contact_us` (
  `id` int(11) NOT NULL,
  `user_id` int(11) NOT NULL,
  `message_type` enum('Complaint','Feedback - Good','Feedback - Bad','Other Inquiry','Customer Idea - Business Growth') NOT NULL,
  `message` text NOT NULL,
  `submitted_at` timestamp NOT NULL DEFAULT current_timestamp()
) ENGINE=InnoDB DEFAULT CHARSET=utf8mb4;

--
-- Dumping data for table `contact_us`
--

INSERT INTO `contact_us` (`id`, `user_id`, `message_type`, `message`, `submitted_at`) VALUES
(1, 1, 'Complaint', 'I received my order 40 minutes late. Please look into it.', '2025-08-05 13:27:53'),
(2, 2, 'Feedback - Good', 'The pizza was hot and fresh. I loved the overall experience.', '2025-08-05 13:27:53'),
(3, 3, 'Feedback - Bad', 'The pizza I received was not warm at all. Very disappointed.', '2025-08-05 13:27:53'),
(4, 4, 'Other Inquiry', 'I have a party next week and want to inquire about bulk orders.', '2025-08-05 13:27:53'),
(5, 5, 'Complaint', 'I ordered a Margherita but received one with mushrooms.', '2025-08-05 13:27:53'),
(6, 6, 'Feedback - Good', 'Your website and app UI is very smooth and user-friendly.', '2025-08-05 13:27:53'),
(7, 7, 'Feedback - Bad', 'The delivery guy was not polite. Please train your staff better.', '2025-08-05 13:27:53'),
(8, 8, 'Other Inquiry', 'I run a cafe. Interested in collaborating. Please contact me.', '2025-08-05 13:27:53'),
(9, 9, 'Complaint', 'I placed an order and it never arrived. I want a refund.', '2025-08-05 13:27:53'),
(10, 10, 'Feedback - Good', 'The garlic bread was amazing. Will order again soon!', '2025-08-05 13:27:53'),
(11, 11, 'Customer Idea - Business Growth', 'Introduce a loyalty program where customers earn points for every order. This can boost repeat purchases.', '2025-08-05 13:27:53'),
(12, 12, 'Feedback - Good', 'Got my order in under 20 minutes. Impressive service!', '2025-08-05 13:27:53'),
(13, 13, 'Complaint', 'I was charged extra for toppings I did not select.', '2025-08-05 13:27:53'),
(14, 14, 'Feedback - Bad', 'The box was damaged and the pizza was cold when delivered.', '2025-08-05 13:27:53'),
(15, 15, 'Other Inquiry', 'I am interested in opening a franchise in my city. Let me know the process.', '2025-08-05 13:27:53'),
(16, 2, 'Customer Idea - Business Growth', 'Create a discount plan for college students to increase orders during lunch hours.', '2025-08-05 13:27:53'),
(17, 4, 'Complaint', 'My drink spilled during delivery. Please improve your packaging.', '2025-08-05 13:27:53'),
(18, 6, 'Feedback - Good', 'One of the best veg pizzas I’ve had in a long time.', '2025-08-05 13:27:53'),
(19, 8, 'Customer Idea - Business Growth', 'Add a referral system. Give discounts for referring friends to your app.', '2025-08-05 13:27:53'),
(31, 1, 'Complaint', 'you have very grate pizza website..', '2025-10-08 12:56:22'),
(32, 1, 'Complaint', 'not good..', '2025-10-08 13:17:11');

-- --------------------------------------------------------

--
-- Table structure for table `customize_cat_tbl`
--

CREATE TABLE `customize_cat_tbl` (
  `c_cat_id` int(250) NOT NULL,
  `c_cat_name` varchar(250) NOT NULL,
  `c_cat_discription` varchar(250) NOT NULL,
  `c_cat_photo` varchar(250) NOT NULL,
  `c_cat_price` int(250) NOT NULL
) ENGINE=InnoDB DEFAULT CHARSET=utf8mb4;

--
-- Dumping data for table `customize_cat_tbl`
--

INSERT INTO `customize_cat_tbl` (`c_cat_id`, `c_cat_name`, `c_cat_discription`, `c_cat_photo`, `c_cat_price`) VALUES
(1, 'Small pizza', 'around 8-10 inches', './images/customize/base.png', 50),
(2, 'Medium pizza', 'around 12 inches', './images/customize/base.png', 70),
(3, 'Large pizza', 'around 14-16 inches', './images/customize/base.png', 90);

-- --------------------------------------------------------

--
-- Table structure for table `customize_sub_cat_tbl`
--

CREATE TABLE `customize_sub_cat_tbl` (
  `c_sub_cat_id` int(250) NOT NULL,
  `c_sub_cat_name` varchar(250) NOT NULL,
  `c_sub_cat_discription` varchar(250) NOT NULL,
  `c_sub_cat_photo` varchar(250) NOT NULL,
  `c_cat_id` int(250) NOT NULL,
  `c_sub_cat_price` int(250) NOT NULL
) ENGINE=InnoDB DEFAULT CHARSET=utf8mb4;

--
-- Dumping data for table `customize_sub_cat_tbl`
--

INSERT INTO `customize_sub_cat_tbl` (`c_sub_cat_id`, `c_sub_cat_name`, `c_sub_cat_discription`, `c_sub_cat_photo`, `c_cat_id`, `c_sub_cat_price`) VALUES
(1, 'Tomato', 'Fresh red tomatoes topping', './images/customize/tomato.png', 1, 49),
(2, 'Mushrooms', 'Sliced mushrooms topping', './images/customize/mushrooms.png', 1, 65),
(3, 'Onion', 'Crispy onion topping', './images/customize/onion.png', 1, 30),
(4, 'Artichoke Hearts', 'Delicious artichoke hearts topping', './images/customize/Artichoke_hearts.png', 1, 88),
(5, 'Bell Peppers', 'Colorful bell peppers topping', './images/customize/Bell_peppers.png', 1, 57),
(6, 'Broccoli', 'Fresh broccoli topping', './images/customize/Broccoli.png', 1, 69),
(7, 'Eggplant', 'Grilled eggplant topping', './images/customize/Eggplant.png', 1, 67),
(8, 'Jalapenos', 'Spicy jalapenos topping', './images/customize/Jalapenos.png', 1, 93),
(9, 'Pineapple', 'Sweet pineapple topping', './images/customize/Pineapple.png', 1, 65),
(10, 'Roasted Red Peppers', 'Smoky roasted red peppers topping', './images/customize/Roasted_red_peppers.png', 1, 67),
(11, 'Spinach', 'Healthy spinach topping', './images/customize/Spinach.png', 1, 55),
(12, 'Sun Dried Tomatoes', 'Tangy sun dried tomatoes topping', './images/customize/Sun-dried_tomatoes.png', 1, 98),
(13, 'Zucchini', 'Fresh zucchini topping', './images/customize/Zucchini.png', 1, 83),
(14, 'Mozzarella', 'Classic mozzarella cheese topping', './images/customize/Mozzarella.png', 1, 110),
(15, 'Goat Cheese', 'Creamy goat cheese topping', './images/customize/Goat_cheese.png', 1, 160),
(16, 'Feta', 'Salty feta cheese topping', './images/customize/Feta.png', 1, 175),
(17, 'Pesto', 'Flavorful pesto sauce topping', './images/customize/Pesto.png', 1, 189),
(18, 'Walnut', 'Crunchy walnut topping', './images/customize/Walnuts.png', 1, 140),
(19, 'Pine Nuts', 'Nutty pine nuts topping', './images/customize/Pine_nuts.png', 1, 161),
(20, 'Caramelized Onions', 'Sweet caramelized onions topping', './images/customize/Caramelized_onions.png', 1, 120),
(21, 'Garlic', 'Fresh garlic topping', './images/customize/Garlic.png', 1, 80),
(22, 'Basil..', 'testy pizza nice..', './images/customize/Basil.png', 1, 80);

-- --------------------------------------------------------

--
-- Table structure for table `order_master_tbl`
--

CREATE TABLE `order_master_tbl` (
  `order_id` int(5) NOT NULL,
  `prod_id` int(5) DEFAULT NULL,
  `user_id` int(5) DEFAULT NULL,
  `prod_qty` int(10) NOT NULL,
  `total_price` int(50) NOT NULL,
  `order_date` varchar(50) DEFAULT NULL,
  `prod_price` int(50) DEFAULT NULL
) ENGINE=InnoDB DEFAULT CHARSET=utf8mb4;

--
-- Dumping data for table `order_master_tbl`
--

INSERT INTO `order_master_tbl` (`order_id`, `prod_id`, `user_id`, `prod_qty`, `total_price`, `order_date`, `prod_price`) VALUES
(17, 9, 1, 1, 434, '10/10/2025', 434),
(18, 89, 1, 1, 239, '10/10/2025', 239),
(19, 9, 1, 1, 249, '10/10/2025', 249),
(20, 582, 1, 2, 358, '10/10/2025', 179),
(21, 5, 1, 2, 478, '10/10/2025', 239),
(22, 4, 1, 1, 269, '10/10/2025', 269),
(23, 410, 1, 2, 998, '10/10/2025', 499),
(24, 96, 1, 2, 858, '10/10/2025', 429),
(25, 36, 1, 2, 718, '10/10/2025', 359),
(26, 151, 1, 1, 191, '10/10/2025', 191),
(28, 185, 1, 3, 987, '10/10/2025', 329),
(29, 182, 1, 2, 510, '10/10/2025', 255);

-- --------------------------------------------------------

--
-- Table structure for table `pizza_order_tbl`
--

CREATE TABLE `pizza_order_tbl` (
  `order_id` int(11) NOT NULL,
  `user_id` int(11) DEFAULT NULL,
  `c_cat_id` int(11) NOT NULL,
  `c_cat_name` varchar(255) NOT NULL,
  `base_price` decimal(10,2) NOT NULL,
  `total_price` decimal(10,2) NOT NULL,
  `quantity` int(11) NOT NULL,
  `created_at` timestamp NOT NULL DEFAULT current_timestamp()
) ENGINE=InnoDB DEFAULT CHARSET=utf8mb4;

--
-- Dumping data for table `pizza_order_tbl`
--

INSERT INTO `pizza_order_tbl` (`order_id`, `user_id`, `c_cat_id`, `c_cat_name`, `base_price`, `total_price`, `quantity`, `created_at`) VALUES
(1, 1, 1, 'Small pizza', '50.00', '194.00', 1, '2025-09-30 15:59:43'),
(2, 3, 1, 'Small pizza', '50.00', '789.00', 3, '2025-09-30 16:03:15'),
(3, 5, 1, 'Small pizza', '50.00', '789.00', 3, '2025-09-30 16:05:24'),
(4, 2, 1, 'Small pizza', '50.00', '658.00', 2, '2025-09-30 16:05:41'),
(5, 8, 1, 'Small pizza', '50.00', '658.00', 2, '2025-09-30 16:10:13'),
(6, 12, 1, 'Small pizza', '50.00', '658.00', 2, '2025-09-30 16:15:03'),
(7, 14, 1, 'Small pizza', '50.00', '364.00', 2, '2025-09-30 16:20:53'),
(8, 4, 1, 'Small pizza', '50.00', '364.00', 2, '2025-09-30 16:24:03'),
(9, 1, 1, 'Small pizza', '50.00', '546.00', 3, '2025-09-30 16:33:15'),
(10, 3, 1, 'Small pizza', '50.00', '198.00', 2, '2025-10-02 12:12:36'),
(11, 11, 1, 'Small pizza', '50.00', '328.00', 2, '2025-10-02 12:15:44'),
(12, 5, 1, 'Small pizza', '50.00', '164.00', 1, '2025-10-02 12:16:23'),
(13, 15, 1, 'Small pizza', '50.00', '143.00', 1, '2025-10-02 12:17:42'),
(14, 13, 1, 'Small pizza', '50.00', '50.00', 1, '2025-10-02 12:19:50'),
(15, 6, 1, 'Small pizza', '50.00', '164.00', 1, '2025-10-02 12:28:11'),
(17, 9, 2, 'Medium pizza', '70.00', '368.00', 2, '2025-10-02 12:29:03'),
(18, 8, 1, 'Small pizza', '50.00', '99.00', 1, '2025-10-02 12:29:50'),
(19, 4, 1, 'Small pizza', '50.00', '164.00', 1, '2025-10-02 12:30:08'),
(20, 2, 1, 'Small pizza', '50.00', '328.00', 2, '2025-10-02 12:30:20'),
(21, 7, 1, 'Small pizza', '50.00', '164.00', 1, '2025-10-02 12:31:30'),
(22, 4, 1, 'Small pizza', '50.00', '328.00', 2, '2025-10-02 12:33:31'),
(24, 6, 1, 'Small pizza', '50.00', '300.00', 1, '2025-10-08 06:52:44'),
(27, 11, 1, 'Small pizza', '50.00', '320.00', 1, '2025-10-08 13:54:49'),
(28, 15, 1, 'Small pizza', '50.00', '119.00', 1, '2025-10-09 02:53:47'),
(29, 8, 1, 'Small pizza', '50.00', '119.00', 1, '2025-10-09 03:00:53'),
(30, 9, 1, 'Small pizza', '50.00', '119.00', 1, '2025-10-09 03:05:50'),
(31, 3, 1, 'Small pizza', '50.00', '119.00', 1, '2025-10-09 03:13:09'),
(32, 7, 1, 'Small pizza', '50.00', '119.00', 1, '2025-10-09 03:13:56'),
(33, 12, 1, 'Small pizza', '50.00', '119.00', 1, '2025-10-09 03:43:34'),
(34, 1, 1, 'Small pizza', '50.00', '119.00', 1, '2025-10-09 03:50:02'),
(35, 1, 1, 'Small pizza', '50.00', '388.00', 2, '2025-10-09 06:58:35'),
(36, 1, 3, 'Large pizza', '90.00', '424.00', 2, '2025-10-09 12:32:40'),
(37, 1, 2, 'Medium pizza', '70.00', '228.00', 1, '2025-10-09 12:36:21'),
(38, 1, 2, 'Medium pizza', '70.00', '234.00', 1, '2025-10-09 12:44:24'),
(39, 1, 2, 'Medium pizza', '70.00', '214.00', 1, '2025-10-10 02:26:59'),
(40, 1, 3, 'Large pizza', '90.00', '240.00', 2, '2025-10-10 02:29:40'),
(41, 1, 3, 'Large pizza', '90.00', '169.00', 1, '2025-10-10 02:31:30'),
(42, NULL, 3, 'Large pizza', '90.00', '189.00', 1, '2025-10-10 02:34:49'),
(43, NULL, 2, 'Medium pizza', '70.00', '330.00', 2, '2025-10-10 02:42:02'),
(44, NULL, 2, 'Medium pizza', '70.00', '860.00', 4, '2025-10-10 02:42:52'),
(45, NULL, 2, 'Medium pizza', '70.00', '261.00', 1, '2025-10-10 02:55:11'),
(46, NULL, 1, 'Small pizza', '50.00', '207.00', 1, '2025-10-10 02:57:17'),
(47, 1, 2, 'Medium pizza', '70.00', '228.00', 1, '2025-10-10 02:58:49'),
(48, 1, 2, 'Medium pizza', '70.00', '228.00', 1, '2025-10-10 02:59:06'),
(49, 1, 2, 'Medium pizza', '70.00', '330.00', 2, '2025-10-16 13:35:43'),
(50, 1, 1, 'Small pizza', '50.00', '99.00', 1, '2025-10-18 12:45:57'),
(51, 1, 2, 'Medium pizza', '70.00', '588.00', 3, '2025-10-18 13:05:13');

-- --------------------------------------------------------

--
-- Table structure for table `pizza_order_toppings_tbl`
--

CREATE TABLE `pizza_order_toppings_tbl` (
  `id` int(11) NOT NULL,
  `order_id` int(11) NOT NULL,
  `topping_id` int(11) NOT NULL,
  `topping_name` varchar(255) NOT NULL,
  `topping_price` decimal(10,2) NOT NULL
) ENGINE=InnoDB DEFAULT CHARSET=utf8mb4;

--
-- Dumping data for table `pizza_order_toppings_tbl`
--

INSERT INTO `pizza_order_toppings_tbl` (`id`, `order_id`, `topping_id`, `topping_name`, `topping_price`) VALUES
(1, 1, 1, 'Tomato', '49.00'),
(2, 1, 2, 'Mushrooms', '65.00'),
(3, 1, 3, 'Onion', '30.00'),
(4, 2, 1, 'Tomato', '49.00'),
(5, 2, 2, 'Mushrooms', '65.00'),
(6, 2, 3, 'Onion', '30.00'),
(7, 2, 6, 'Broccoli', '69.00'),
(8, 3, 1, 'Tomato', '49.00'),
(9, 3, 2, 'Mushrooms', '65.00'),
(10, 3, 3, 'Onion', '30.00'),
(11, 3, 6, 'Broccoli', '69.00'),
(12, 4, 4, 'Artichoke Hearts', '88.00'),
(13, 4, 5, 'Bell Peppers', '57.00'),
(14, 4, 6, 'Broccoli', '69.00'),
(15, 4, 9, 'Pineapple', '65.00'),
(16, 5, 4, 'Artichoke Hearts', '88.00'),
(17, 5, 5, 'Bell Peppers', '57.00'),
(18, 5, 6, 'Broccoli', '69.00'),
(19, 5, 9, 'Pineapple', '65.00'),
(20, 6, 4, 'Artichoke Hearts', '88.00'),
(21, 6, 5, 'Bell Peppers', '57.00'),
(22, 6, 6, 'Broccoli', '69.00'),
(23, 6, 9, 'Pineapple', '65.00'),
(24, 7, 7, 'Eggplant', '67.00'),
(25, 7, 9, 'Pineapple', '65.00'),
(26, 8, 7, 'Eggplant', '67.00'),
(27, 8, 9, 'Pineapple', '65.00'),
(28, 9, 7, 'Eggplant', '67.00'),
(29, 9, 9, 'Pineapple', '65.00'),
(30, 10, 1, 'Tomato', '49.00'),
(31, 11, 1, 'Tomato', '49.00'),
(32, 11, 2, 'Mushrooms', '65.00'),
(33, 12, 1, 'Tomato', '49.00'),
(34, 12, 2, 'Mushrooms', '65.00'),
(35, 13, 8, 'Jalapenos', '93.00'),
(36, 15, 1, 'Tomato', '49.00'),
(37, 15, 2, 'Mushrooms', '65.00'),
(40, 17, 1, 'Tomato', '49.00'),
(41, 17, 2, 'Mushrooms', '65.00'),
(42, 18, 1, 'Tomato', '49.00'),
(43, 19, 1, 'Tomato', '49.00'),
(44, 19, 2, 'Mushrooms', '65.00'),
(45, 20, 1, 'Tomato', '49.00'),
(46, 20, 2, 'Mushrooms', '65.00'),
(47, 21, 1, 'Tomato', '49.00'),
(48, 21, 2, 'Mushrooms', '65.00'),
(49, 22, 1, 'Tomato', '49.00'),
(50, 22, 2, 'Mushrooms', '65.00'),
(53, 24, 4, 'Artichoke Hearts', '88.00'),
(54, 24, 6, 'Broccoli', '69.00'),
(55, 24, 8, 'Jalapenos', '93.00'),
(56, 17, 1, 'Tomato', '49.00'),
(57, 17, 4, 'Artichoke Hearts', '88.00'),
(58, 17, 3, 'Onion', '30.00'),
(59, 18, 1, 'Tomato', '49.00'),
(60, 18, 4, 'Artichoke Hearts', '88.00'),
(61, 18, 3, 'Onion', '30.00'),
(67, 27, 14, 'Mozzarella', '110.00'),
(68, 27, 15, 'Goat Cheese', '160.00'),
(69, 28, 6, 'Broccoli', '69.00'),
(70, 29, 6, 'Broccoli', '69.00'),
(71, 30, 6, 'Broccoli', '69.00'),
(72, 31, 6, 'Broccoli', '69.00'),
(73, 32, 6, 'Broccoli', '69.00'),
(74, 33, 6, 'Broccoli', '69.00'),
(75, 34, 6, 'Broccoli', '69.00'),
(76, 35, 1, 'Tomato', '49.00'),
(77, 35, 2, 'Mushrooms', '65.00'),
(78, 35, 3, 'Onion', '30.00'),
(79, 36, 2, 'Mushrooms', '65.00'),
(80, 36, 5, 'Bell Peppers', '57.00'),
(81, 37, 8, 'Jalapenos', '93.00'),
(82, 37, 9, 'Pineapple', '65.00'),
(83, 38, 2, 'Mushrooms', '65.00'),
(84, 38, 3, 'Onion', '30.00'),
(85, 38, 6, 'Broccoli', '69.00'),
(86, 39, 2, 'Mushrooms', '65.00'),
(87, 39, 1, 'Tomato', '49.00'),
(88, 39, 3, 'Onion', '30.00'),
(89, 40, 3, 'Onion', '30.00'),
(90, 41, 3, 'Onion', '30.00'),
(91, 41, 1, 'Tomato', '49.00'),
(92, 42, 3, 'Onion', '30.00'),
(93, 42, 6, 'Broccoli', '69.00'),
(94, 43, 3, 'Onion', '30.00'),
(95, 43, 2, 'Mushrooms', '65.00'),
(96, 44, 5, 'Bell Peppers', '57.00'),
(97, 44, 4, 'Artichoke Hearts', '88.00'),
(98, 45, 8, 'Jalapenos', '93.00'),
(99, 45, 12, 'Sun Dried Tomatoes', '98.00'),
(100, 46, 4, 'Artichoke Hearts', '88.00'),
(101, 46, 6, 'Broccoli', '69.00'),
(102, 47, 8, 'Jalapenos', '93.00'),
(103, 47, 9, 'Pineapple', '65.00'),
(104, 48, 8, 'Jalapenos', '93.00'),
(105, 48, 9, 'Pineapple', '65.00'),
(106, 49, 2, 'Mushrooms', '65.00'),
(107, 49, 3, 'Onion', '30.00'),
(108, 50, 1, 'Tomato', '49.00'),
(109, 51, 5, 'Bell Peppers', '57.00'),
(110, 51, 6, 'Broccoli', '69.00');

-- --------------------------------------------------------

--
-- Table structure for table `product_master_tbl`
--

CREATE TABLE `product_master_tbl` (
  `prod_id` int(5) NOT NULL,
  `prod_name` varchar(150) NOT NULL,
  `prod_description` varchar(250) DEFAULT NULL,
  `prod_photo` varchar(150) DEFAULT NULL,
  `price_small` int(6) NOT NULL DEFAULT 0,
  `price_medium` int(6) NOT NULL DEFAULT 0,
  `price_large` int(6) NOT NULL DEFAULT 0,
  `cat_id` int(50) NOT NULL,
  `sub_cat_id` int(50) NOT NULL
) ENGINE=InnoDB DEFAULT CHARSET=utf8mb4;

--
-- Dumping data for table `product_master_tbl`
--

INSERT INTO `product_master_tbl` (`prod_id`, `prod_name`, `prod_description`, `prod_photo`, `price_small`, `price_medium`, `price_large`, `cat_id`, `sub_cat_id`) VALUES
(1, 'Pizza Margherita', 'Classic Neapolitan pizza with tomato sauce, mozzarella, basil', 'images/prod_photo/margherita.jpg', 199, 249, 299, 1, 1),
(2, 'Pizza Marinara', 'Cheeseless pizza with tomato sauce, garlic, oregano, and olive oil', 'images/prod_photo/marinara.jpg', 179, 229, 279, 1, 1),
(3, 'Quattro Formaggi', 'Four cheese pizza made with mozzarella, gorgonzola, fontina, and parmesan', 'images/prod_photo/quattro_formaggi.jpg', 259, 309, 359, 1, 1),
(4, 'Pizza ai Funghi', 'Mushroom pizza with sautéed mushrooms on a Margherita base', 'images/prod_photo/funghi.jpg', 219, 269, 319, 1, 1),
(5, 'Pizza Caprese', 'White pizza with fresh mozzarella, cherry tomatoes, and basil', 'images/prod_photo/caprese.jpg', 239, 289, 339, 1, 1),
(6, 'Pizza alla Norma', 'Sicilian pizza with tomato sauce, eggplant, mozzarella, basil', 'images/prod_photo/alla_norma.jpg', 249, 299, 349, 1, 1),
(7, 'Pizza Radicchio e Gorgonzola', 'Pizza with sautéed radicchio, mozzarella, and sharp gorgonzola', 'images/prod_photo/radicchio_gorgonzola.jpg', 269, 319, 369, 1, 1),
(8, 'Pizza Pugliese', 'Pizza from Puglia with tomato sauce, mozzarella, and sliced red onions', 'images/prod_photo/pugliese.jpg', 219, 269, 319, 1, 1),
(9, 'Pizza Capricciosa (Vegetarian)', 'Vegetarian version with mushrooms, artichoke hearts, and black olives', 'images/prod_photo/capricciosa.jpg', 249, 299, 349, 1, 1),
(10, 'Pizza Quattro Stagioni (Vegetarian)', 'Four-seasons pizza with olives, mushrooms, artichokes, and tomatoes', 'images/prod_photo/quattro_stagioni.jpg', 279, 329, 379, 1, 1),
(11, 'Pizza Pesto e Stracchino', 'White pizza with Genovese pesto and creamy stracchino cheese', 'images/prod_photo/pesto_stracchino.jpg', 259, 309, 359, 1, 1),
(12, 'Pizza Bufalina', 'Variation of Margherita with creamy buffalo mozzarella', 'images/prod_photo/bufalina.jpg', 269, 319, 369, 1, 1),
(13, 'Pizza Zucchine e Scamorza', 'Grilled zucchini and smoked scamorza cheese on a crisp crust', 'images/prod_photo/zucchine_scamorza.jpg', 239, 289, 339, 1, 1),
(14, 'Pizza ai Peperoni (Italian style)', 'Vegetarian pizza with roasted sweet peppers, mozzarella, parmesan', 'images/prod_photo/peperoni.jpg', 229, 279, 329, 1, 1),
(15, 'Pizza Rucola e Grana', 'Margherita pizza finished with fresh rocket and Grana Padano', 'images/prod_photo/rucola_grana.jpg', 249, 299, 349, 1, 1),
(16, 'Margherita Pizza', 'Classic tomato sauce, mozzarella & basil', 'images/prod_photo/margherita1.jpg', 199, 249, 299, 1, 2),
(17, 'Pepperoni Pizza', 'Loaded with pepperoni and cheese', 'images/prod_photo/pepperoni1.jpg', 229, 279, 329, 1, 2),
(18, 'BBQ Chicken Pizza', 'Grilled chicken, BBQ sauce & onions', 'images/prod_photo/bbq_chicken.jpg', 239, 289, 339, 1, 2),
(19, 'Veggie Delight Pizza', 'Capsicum, onion, olives, tomato, sweetcorn', 'images/prod_photo/veggie_delight.jpg', 209, 259, 309, 1, 2),
(20, 'Farmhouse Pizza', 'Cheese, onion, tomato & farm fresh veggies', 'images/prod_photo/farmhouse.jpg', 219, 269, 319, 1, 2),
(21, 'Hawaiian Pizza', 'Chicken, pineapple & mozzarella cheese', 'images/prod_photo/hawaiian.jpg', 229, 279, 329, 1, 2),
(22, 'Paneer Tikka Pizza', 'Spicy paneer tikka & mozzarella', 'images/prod_photo/paneer_tikka.jpg', 219, 269, 319, 1, 2),
(23, 'Mexican Green Wave Pizza', 'Jalapeños, onion, capsicum, tomatoes', 'images/prod_photo/mexican_green.jpg', 219, 269, 319, 1, 2),
(24, 'Chicken Supreme Pizza', 'Loaded chicken chunks, onion, capsicum', 'images/prod_photo/chicken_supreme.jpg', 249, 299, 349, 1, 2),
(25, 'Cheese Burst Pizza', 'Extra cheese-filled crust for cheese lovers', 'images/prod_photo/cheese_burst.jpg', 239, 289, 339, 1, 2),
(26, 'Spicy Triple Tango Pizza', 'Spicy jalapeños, peri peri, hot cheese', 'images/prod_photo/spicy_tango.jpg', 229, 279, 329, 1, 2),
(27, 'Peri Peri Chicken Pizza', 'Peri peri chicken with herbs & cheese', 'images/prod_photo/peri_peri_chicken.jpg', 249, 299, 349, 1, 2),
(28, 'Deluxe Veggie Pizza', 'Veggie mix with cheese & Italian herbs', 'images/prod_photo/deluxe_veggie.jpg', 209, 259, 309, 1, 2),
(29, 'Italian Pepperoni Pizza', 'Authentic Italian pepperoni & cheese', 'images/prod_photo/italian_pepperoni.jpg', 249, 299, 349, 1, 2),
(30, 'Tandoori Chicken Pizza', 'Smoky tandoori chicken, onion & capsicum', 'images/prod_photo/tandoori_chicken.jpg', 249, 299, 349, 1, 2),
(31, 'Pizza Margherita', 'Classic Neapolitan pizza with tomato sauce, mozzarella, and basil.', 'images/prod_photo/pizza_margherita3.jpg', 249, 299, 349, 1, 3),
(32, 'Pizza Marinara', 'Ancient Neapolitan pizza with tomato sauce, garlic, and oregano (no cheese).', 'images/prod_photo/pizza_marinara.jpg', 229, 279, 329, 1, 3),
(33, 'Pizza Capricciosa', 'Pizza with mozzarella, artichokes, mushrooms, and olives.', 'images/prod_photo/pizza_capricciosa.jpg', 299, 349, 399, 1, 3),
(34, 'Quattro Formaggi', 'Four-cheese pizza with mozzarella, gorgonzola, fontina, and Parmigiano-Reggiano.', 'images/prod_photo/pizza_quattro_formaggi.jpg', 329, 379, 429, 1, 3),
(35, 'Quattro Stagioni', 'Four-seasons pizza with toppings like mushrooms, artichokes, ham, and olives.', 'images/prod_photo/pizza_quattro_stagioni.jpg', 319, 369, 419, 1, 3),
(36, 'Pizza Diavola', 'Spicy pizza topped with tomato sauce, mozzarella, and spicy salami.', 'images/prod_photo/pizza_diavola.jpg', 309, 359, 409, 1, 3),
(37, 'Pizza Boscaiola', 'Woodsman-style pizza with sausage and mushrooms.', 'images/prod_photo/pizza_boscaiola.jpg', 319, 369, 419, 1, 3),
(38, 'Pizza Ortolana', 'The gardener’s pizza topped with assorted seasonal vegetables.', 'images/prod_photo/pizza_ortolana.jpg', 289, 339, 389, 1, 3),
(39, 'Pizza Pugliese', 'Pizza from Puglia with tomato sauce, mozzarella, and red onion.', 'images/prod_photo/pizza_pugliese.jpg', 299, 349, 399, 1, 3),
(40, 'Pizza Tirolese', 'Alpine-style pizza with tomato sauce, mozzarella, and smoked speck.', 'images/prod_photo/pizza_tirolese.jpg', 329, 379, 429, 1, 3),
(41, 'Pizza alla Norma', 'Sicilian pizza with tomato, eggplant, ricotta salata, and basil.', 'images/prod_photo/pizza_norma.jpg', 319, 369, 419, 1, 3),
(42, 'Pizza Patate e Rosmarino', 'White pizza topped with thin potato slices and rosemary.', 'images/prod_photo/pizza_patate_rosmarino.jpg', 289, 339, 389, 1, 3),
(43, 'Pizza ai Funghi Porcini', 'Deluxe mushroom pizza featuring porcini mushrooms.', 'images/prod_photo/pizza_funghi_porcini.jpg', 349, 399, 449, 1, 3),
(44, 'Pizza Radicchio e Gorgonzola', 'Bold pizza with bitter radicchio and pungent gorgonzola.', 'images/prod_photo/pizza_radicchio_gorgonzola.jpg', 359, 409, 459, 1, 3),
(45, 'Pizza con Fiori di Zucca', 'Delicate white pizza with zucchini blossoms and mozzarella.', 'images/prod_photo/pizza_fiori_zucca.jpg', 299, 349, 399, 1, 3),
(46, 'Margherita Slice', 'Classic slice with tomato sauce, mozzarella, and fresh basil.', 'images/prod_photo/slice_margherita.jpg', 99, 119, 139, 1, 4),
(47, 'Ortolana Slice', 'Gardener’s slice topped with seasonal grilled zucchini, bell peppers, and eggplant.', 'images/prod_photo/slice_ortolana.jpg', 119, 139, 159, 1, 4),
(48, 'Patate e Rosmarino Slice', 'Roman slice topped with thin potato slices, rosemary, and olive oil.', 'images/prod_photo/slice_patate_rosmarino.jpg', 109, 129, 149, 1, 4),
(49, 'Zucchine e Ricotta Slice', 'Slice with zucchini, creamy ricotta, and a touch of salt.', 'images/prod_photo/slice_zucchine_ricotta.jpg', 115, 135, 155, 1, 4),
(50, 'Fiori di Zucca Slice', 'Delicate slice with zucchini blossoms, mozzarella, and optional anchovies.', 'images/prod_photo/slice_fiori_zucca.jpg', 125, 145, 165, 1, 4),
(51, 'Funghi Slice', 'Earthy slice topped generously with mixed mushrooms.', 'images/prod_photo/slice_funghi.jpg', 119, 139, 159, 1, 4),
(52, 'Cipolle Slice', 'Slice featuring the sweetness of caramelized onions.', 'images/prod_photo/slice_cipolle.jpg', 109, 129, 149, 1, 4),
(53, 'Pesto e Pomodorini Slice', 'Slice with a vibrant pesto base, mozzarella, and cherry tomatoes.', 'images/prod_photo/slice_pesto_pomodorini.jpg', 129, 149, 169, 1, 4),
(54, 'Quattro Formaggi Slice', 'Four-cheese slice with mozzarella, Gorgonzola, fontina, and Parmigiano.', 'images/prod_photo/slice_quattro_formaggi.jpg', 139, 159, 179, 1, 4),
(55, 'Bufalina Slice', 'Luxurious slice with buffalo mozzarella, a Margherita variation.', 'images/prod_photo/slice_bufalina.jpg', 139, 159, 179, 1, 4),
(56, 'Burrata e Pomodorini Slice', 'Slice topped with cherry tomatoes and creamy burrata after baking.', 'images/prod_photo/slice_burrata_pomodorini.jpg', 145, 165, 185, 1, 4),
(57, 'Provola Affumicata Slice', 'Slice featuring smoked provola cheese for a bold flavor.', 'images/prod_photo/slice_provola_affumicata.jpg', 135, 155, 175, 1, 4),
(58, 'Ricotta e Spinaci Slice', 'Comforting slice with fresh ricotta and spinach.', 'images/prod_photo/slice_ricotta_spinaci.jpg', 129, 149, 169, 1, 4),
(59, 'Bianca con Stracchino Slice', 'Simple white slice topped with soft, mild stracchino cheese.', 'images/prod_photo/slice_bianca_stracchino.jpg', 119, 139, 159, 1, 4),
(60, 'Pizza Rossa Slice', 'Roman classic: slice with just tomato sauce, no cheese.', 'images/prod_photo/slice_rossa.jpg', 89, 109, 129, 1, 4),
(61, 'Margherita Ricotta Cheese Burst', 'Classic Margherita pizza with a ricotta-stuffed crust.', 'images/prod_photo/cb_margherita_ricotta.jpg', 151, 189, 227, 1, 5),
(62, 'Salsiccia e Friarielli Ripieno Cheese Burst', 'Pizza with ricotta-stuffed crust, Italian sausage, and broccoli rabe.', 'images/prod_photo/cb_salsiccia_friarielli.jpg', 159, 199, 239, 1, 5),
(63, 'Prosciutto e Ricotta Ripieno Cheese Burst', 'Ham and ricotta-filled crust with mozzarella and prosciutto cotto topping.', 'images/prod_photo/cb_prosciutto_ricotta.jpg', 156, 195, 234, 1, 5),
(64, 'Tartufo Ripieno Cheese Burst', 'Gourmet pizza with truffle-flavored ricotta-stuffed crust, mushrooms, and truffle paste.', 'images/prod_photo/cb_tartufo.jpg', 183, 229, 275, 1, 5),
(65, 'Speck e Provola Ripieno Cheese Burst', 'Provola-stuffed crust with smoked speck topping.', 'images/prod_photo/cb_speck_provola.jpg', 164, 205, 246, 1, 5),
(66, 'Quattro Formaggi Ripieno Cheese Burst', 'Four-cheese pizza with a creamy cheese-filled crust.', 'images/prod_photo/cb_quattro_formaggi.jpg', 172, 215, 258, 1, 5),
(67, 'Pizza alla Bufala Cheese Burst', 'Indulgent pizza with creamy buffalo mozzarella bursting with flavor.', 'images/prod_photo/cb_bufala.jpg', 159, 199, 239, 1, 5),
(68, 'Burrata e Pomodorini Cheese Burst', 'Pizza topped with burrata cheese and cherry tomatoes, burrata added after baking.', 'images/prod_photo/cb_burrata_pomodorini.jpg', 167, 209, 251, 1, 5),
(69, 'Pizza ai Cinque Formaggi Cheese Burst', 'An even richer version of Quattro Formaggi with five cheeses.', 'images/prod_photo/cb_cinque_formaggi.jpg', 175, 219, 263, 1, 5),
(70, 'Pizza con Cacio e Pepe Cheese Burst', 'Inspired by Roman pasta, with pecorino-pepper cheese sauce.', 'images/prod_photo/cb_cacio_pepe.jpg', 159, 199, 239, 1, 5),
(71, 'Pizza al Provolone Piccante Cheese Burst', 'Sharp, spicy provolone cheese for a bold flavor.', 'images/prod_photo/cb_provolone_piccante.jpg', 164, 205, 246, 1, 5),
(72, 'Pizza Stracciatella e Pesto Cheese Burst', 'Pizza with creamy stracciatella cheese and basil pesto.', 'images/prod_photo/cb_stracciatella_pesto.jpg', 167, 209, 251, 1, 5),
(73, 'Nduja e Stracciatella Cheese Burst', 'Fiery pizza with spicy Calabrian nduja and creamy stracciatella.', 'images/prod_photo/cb_nduja_stracciatella.jpg', 175, 219, 263, 1, 5),
(74, 'Diavola con Cornicione Ripieno Cheese Burst', 'Spicy salami pizza with decadent cheese-stuffed crust.', 'images/prod_photo/cb_diavola_ripieno.jpg', 172, 215, 258, 1, 5),
(75, 'Arrabbiata Ricotta Cheese Burst', 'Spicy tomato sauce with chili flakes and ricotta-stuffed crust.', 'images/prod_photo/cb_arrabbiata_ricotta.jpg', 164, 205, 246, 1, 5),
(76, 'Pizza Diavola', 'Classic spicy “devil’s pizza” with tomato base, mozzarella, and hot salami.', 'images/prod_photo/spicy_diavola.jpg', 159, 199, 239, 1, 6),
(77, 'Pizza Calabrese', 'Spicy Calabrian pizza with nduja, provolone, and hot peppers.', 'images/prod_photo/spicy_calabrese.jpg', 175, 219, 263, 1, 6),
(78, 'Nduja e Burrata', 'Fiery nduja paired with creamy burrata for a Southern Italian balance.', 'images/prod_photo/spicy_nduja_burrata.jpg', 183, 229, 275, 1, 6),
(79, 'Pizza Arrabbiata', 'Angry-style pizza with chili tomato sauce, garlic, roasted peppers, and cheese.', 'images/prod_photo/spicy_arrabbiata.jpg', 159, 199, 239, 1, 6),
(80, 'Pizza con Salsiccia Piccante', 'Spicy Italian sausage (salsiccia piccante) with mozzarella on tomato base.', 'images/prod_photo/spicy_salsiccia_piccante.jpg', 167, 209, 251, 1, 6),
(81, 'Pizza al Salame Piccante', 'Popular spicy salami pizza with mozzarella and tomato base.', 'images/prod_photo/spicy_salame_piccante.jpg', 164, 205, 246, 1, 6),
(82, 'Pizza con Olive e Peperoncino', 'Vegetarian spicy pizza with black olives and chili flakes.', 'images/prod_photo/spicy_olive_peperoncino.jpg', 156, 195, 234, 1, 6),
(83, 'Nduja e Cipolle', 'Fiery nduja with sweet caramelized onions for a bold balance.', 'images/prod_photo/spicy_nduja_cipolle.jpg', 175, 219, 263, 1, 6),
(84, 'Pizza con Peperoni e Caprino', 'Spicy Italian peppers with tangy goat cheese.', 'images/prod_photo/spicy_peperoni_caprino.jpg', 180, 225, 270, 1, 6),
(85, 'Diavola con Olive Nere', 'Diavola pizza enhanced with briny black olives.', 'images/prod_photo/spicy_diavola_olive.jpg', 167, 209, 251, 1, 6),
(86, 'Salsiccia e Friarielli Piccante', 'Spicy twist on Neapolitan sausage and broccoli rabe pizza.', 'images/prod_photo/spicy_salsiccia_friarielli.jpg', 183, 229, 275, 1, 6),
(87, 'Pizza Rossa Piccante', 'Roman-style pizza al taglio with simple spicy tomato sauce, no cheese.', 'images/prod_photo/spicy_rossa.jpg', 143, 179, 215, 1, 6),
(88, 'Pizza Piccante con Acciughe', 'Anchovies on spicy tomato base for a pungent, zesty flavor.', 'images/prod_photo/spicy_acciughe.jpg', 159, 199, 239, 1, 6),
(89, 'Nduja e Gorgonzola', 'Intense nduja spice combined with sharp gorgonzola cheese.', 'images/prod_photo/spicy_nduja_gorgonzola.jpg', 183, 229, 275, 1, 6),
(90, 'Diavola con Miele Piccante..', 'Classic Diavola finished with a drizzle of hot honey.', 'images/prod_photo/spicy_diavola_miele.jpg', 175, 219, 263, 1, 6),
(91, 'Pizza al Metro', 'Long, rectangular pizza from Naples, literally \"pizza by the meter,\" made to be shared.', 'images/prod_photo/large_al_metro.jpg', 399, 499, 599, 1, 7),
(92, 'Pizza alla Pala', 'Long, oval-shaped pizza served on a wooden paddle with airy, crisp dough.', 'images/prod_photo/large_alla_pala.jpg', 391, 489, 587, 1, 7),
(93, 'Pizza al Taglio', 'Roman-style pizza baked in large trays and sold by the cut or weight.', 'images/prod_photo/large_al_taglio.jpg', 367, 459, 551, 1, 7),
(94, 'Pizza in Teglia', 'Roman-style pan pizza baked in large rectangular pans.', 'images/prod_photo/large_in_teglia.jpg', 375, 469, 563, 1, 7),
(95, 'Pizza Gigante', 'Extra-large round pizza, also called family pizza, perfect for sharing.', 'images/prod_photo/large_gigante.jpg', 479, 599, 719, 1, 7),
(96, 'Schiacciata', 'Dense, crunchy, and sometimes stuffed Tuscan flatbread made in large sizes.', 'images/prod_photo/large_schiacciata.jpg', 343, 429, 515, 1, 7),
(97, 'Sfincione', 'Sicilian thick-crust pizza baked in large pans, soft and spongy with rich toppings.', 'images/prod_photo/large_sfincione.jpg', 351, 439, 527, 1, 7),
(98, 'Margherita al Metro', 'Classic tomato, mozzarella, and basil, perfect for a large-format pizza.', 'images/prod_photo/large_margherita.jpg', 383, 479, 575, 1, 7),
(99, 'Quattro Stagioni al Metro', 'Four Seasons pizza with mushrooms, artichokes, ham, and olives divided into sections.', 'images/prod_photo/large_quattro_stagioni.jpg', 399, 499, 599, 1, 7),
(100, 'Capricciosa al Metro', 'Hearty pizza with mushrooms, artichokes, ham, and olives mixed together.', 'images/prod_photo/large_capricciosa.jpg', 396, 495, 594, 1, 7),
(101, 'Boscaiola al Metro', 'Rustic woodsman’s pizza with sausage and mushrooms.', 'images/prod_photo/large_boscaiola.jpg', 391, 489, 587, 1, 7),
(102, 'Ortolana al Metro', 'Vegetarian pizza topped with grilled seasonal vegetables.', 'images/prod_photo/large_ortolana.jpg', 380, 475, 570, 1, 7),
(103, 'Salsiccia e Friarielli al Metro', 'Neapolitan large pizza with sausage and broccoli rabe.', 'images/prod_photo/large_salsiccia_friarielli.jpg', 399, 499, 599, 1, 7),
(104, 'Patate e Salsiccia al Metro', 'Rustic large pizza topped with sliced potatoes and sausage.', 'images/prod_photo/large_patate_salsiccia.jpg', 396, 495, 594, 1, 7),
(105, 'Quattro Formaggi al Metro', 'Four-cheese pizza on a large, sauceless base.', 'images/prod_photo/large_quattro_formaggi.jpg', 412, 515, 618, 1, 7),
(106, 'Fiesta Bean Pizza', 'Classic pizza with refried bean base, corn, onions, and a Mexican cheese blend.', 'images/prod_photo/mex_fiesta_bean.jpg', 263, 329, 395, 2, 8),
(107, 'Rajma Corn Fiesta', 'Indian-Mexican fusion pizza with kidney bean masala (rajma) and sweet corn.', 'images/prod_photo/mex_rajma_corn.jpg', 271, 339, 407, 2, 8),
(108, 'Black Bean & Chipotle', 'Smoky black bean sauce base with chipotle peppers and cilantro-lime drizzle.', 'images/prod_photo/mex_blackbean_chipotle.jpg', 279, 349, 419, 2, 8),
(109, 'Chili Cornbread Pizza', 'Unique cornbread crust topped with vegetarian chili, cheese, and jalapeños.', 'images/prod_photo/mex_chili_cornbread.jpg', 287, 359, 431, 2, 8),
(110, 'Three-Bean & Roasted Pepper', 'Pizza with black beans, pinto beans, kidney beans, roasted peppers, and cheese.', 'images/prod_photo/mex_threebean_pepper.jpg', 276, 345, 414, 2, 8),
(111, 'Smoky Bean & Corn Pizza', 'Charred corn and black beans bring a smoky twist to this Mexican-style pizza.', 'images/prod_photo/mex_smoky_beancorn.jpg', 268, 335, 402, 2, 8),
(112, 'Avocado Cream Pizza', 'Topped with fresh avocado slices and creamy Mexican crema drizzle.', 'images/prod_photo/mex_avocado_cream.jpg', 292, 365, 438, 2, 8),
(113, 'Queso Fundido Pizza', 'Inspired by queso fundido: melted cheese with roasted poblano peppers.', 'images/prod_photo/mex_queso_fundido.jpg', 295, 369, 443, 2, 8),
(114, 'Street Corn Pizza (Elote)', 'Pizza topped with roasted corn, cotija cheese, chili powder, and garlic-lime crema.', 'images/prod_photo/mex_elote.jpg', 284, 355, 426, 2, 8),
(115, 'Creamy Cilantro Lime', 'Cilantro-lime sauce base topped with mozzarella, onion, and bell peppers.', 'images/prod_photo/mex_cilantro_lime.jpg', 279, 349, 419, 2, 8),
(116, 'Jalapeño Popper Pizza', 'Cream cheese, pickled jalapeños, and melted cheese for a spicy-savory treat.', 'images/prod_photo/mex_jalapeno_popper.jpg', 284, 355, 426, 2, 8),
(117, 'Nacho Pizza', 'Pizza crust topped with refried beans, cheddar, Monterey Jack, and nacho toppings.', 'images/prod_photo/mex_nacho.jpg', 287, 359, 431, 2, 8),
(118, 'Pico de Gallo Supreme', 'Pizza topped with fresh pico de gallo, lettuce, cheese, and guacamole.', 'images/prod_photo/mex_pico_supreme.jpg', 276, 345, 414, 2, 8),
(119, 'Salsa Verde & Tomatillo', 'Green salsa base with roasted tomatillos and cotija cheese.', 'images/prod_photo/mex_salsa_verde.jpg', 271, 339, 407, 2, 8),
(120, 'Mexican Green Wave', 'Pizza with onions, capsicum, tomatoes, and jalapeños, seasoned with Mexican herbs.', 'images/prod_photo/mex_green_wave.jpg', 268, 335, 402, 2, 8),
(121, 'Fiesta Four Cheese', 'Mexican twist on quattro formaggi with Oaxaca, cotija, queso fresco, and Monterey Jack.', 'images/prod_photo/mex_fiesta_four_cheese.jpg', 295, 369, 443, 2, 9),
(122, 'Queso Fundido Pizza', 'Inspired by queso fundido, topped with bubbling cheese blend and roasted poblano peppers.', 'images/prod_photo/mex_queso_fundido1.jpg', 287, 359, 431, 2, 9),
(123, 'El Cheesy Clásico', 'Classic Mexican cheese pizza with a rich and satisfying melted blend.', 'images/prod_photo/mex_el_cheesy_clasico.jpg', 279, 349, 419, 2, 9),
(124, 'Taco Cheese Melt', 'Taco-seasoned cheese with onions, tomatoes, and fresh cilantro.', 'images/prod_photo/mex_taco_cheese_melt.jpg', 284, 355, 426, 2, 9),
(125, 'Triple Cheesy Enchilada', 'Enchilada sauce base with three Mexican cheeses and fresh cilantro garnish.', 'images/prod_photo/mex_triple_cheesy_enchilada.jpg', 295, 369, 443, 2, 9),
(126, 'Cotija & Corn', 'White pizza with salty cotija cheese and charred corn.', 'images/prod_photo/mex_cotija_corn.jpg', 276, 345, 414, 2, 9),
(127, 'Smoky Chipotle & Asadero', 'Smoky chipotle sauce base with melting asadero cheese.', 'images/prod_photo/mex_chipotle_asadero.jpg', 287, 359, 431, 2, 9),
(128, 'Ranchero Black Bean Pizza', 'Refried black bean base with roasted peppers, onions, and crumbled cotija cheese.', 'images/prod_photo/mex_ranchero_blackbean2.jpg', 292, 365, 438, 2, 9),
(129, 'Mexican Street Corn Pizza', 'Roasted corn, cotija cheese, chili powder, and garlic-lime sauce.', 'images/prod_photo/mex_street_corn2.jpg', 284, 355, 426, 2, 9),
(130, 'Tinga de Hongos Pizza', 'Chipotle-braised mushrooms layered with melted cheese.', 'images/prod_photo/mex_tinga_hongos2.jpg', 292, 365, 438, 2, 9),
(131, 'Avocado Cream Dream', 'Avocado-lime sauce base topped with fresh avocado slices and cheese.', 'images/prod_photo/mex_avocado_dream2.jpg', 287, 359, 431, 2, 9),
(132, 'Jalapeño Popper Pizza', 'Cream cheese base, pickled jalapeños, and melted cheese blend.', 'images/prod_photo/mex_jalapeno_popper3.jpg', 284, 355, 426, 2, 9),
(133, 'Loaded Nacho Pizza', 'Refried beans, cheddar, Monterey Jack, and nacho toppings.', 'images/prod_photo/mex_loaded_nacho.jpg', 295, 369, 443, 2, 9),
(134, 'Veracruzana Pizza', 'Green olives, pickled jalapeños, capers, roasted tomatoes, and cheese.', 'images/prod_photo/mex_veracruzana_cheese.jpg', 287, 359, 431, 2, 9),
(135, 'Salsa Verde & Poblano', 'Tomatillo salsa verde base with roasted poblano, corn, and cotija.', 'images/prod_photo/mex_salsa_verde_poblano2.jpg', 279, 349, 419, 2, 9),
(136, 'Habanero Heat Wave', 'A fiery pizza with a habanero-infused sauce, roasted bell peppers, onions, and a cooling drizzle of sour cream', 'images/prod_photo/habanero_heat_wave.jpg', 279, 349, 419, 2, 10),
(137, 'Chipotle Flame', 'A pizza with a smoky and spicy chipotle sauce base, topped with grilled chicken or roasted vegetables, and a mix of cheeses', 'images/prod_photo/chipotle_flame.jpg', 271, 339, 407, 2, 10),
(138, 'Jalapeño Popper Pizza', 'Topped with a cream cheese base, slices of pickled jalapeño, and a blend of mozzarella and cheddar', 'images/prod_photo/jalapeno_popper.jpg', 263, 329, 395, 2, 10),
(139, 'Salsa Roja Fiery Pizza', 'A simple yet potent pizza with a spicy red salsa base, sliced jalapeños, onions, and melted cheese', 'images/prod_photo/salsa_roja_fiery.jpg', 255, 319, 383, 2, 10),
(140, 'Poblano Pepper Inferno', 'Features roasted poblano peppers, which provide a mild to medium heat, along with onions and Mexican cheese blend', 'images/prod_photo/poblano_inferno.jpg', 271, 339, 407, 2, 10),
(141, 'Serrano Spice', 'For those who prefer a sharp, fresh heat, this pizza is topped with thinly sliced serrano peppers, cilantro, and onion', 'images/prod_photo/serrano_spice.jpg', 263, 329, 395, 2, 10),
(142, 'Diablo Mexicana', 'A pizza with a very spicy red chili sauce, spicy sausage like chorizo or salami, and cheese', 'images/prod_photo/diablo_mexicana.jpg', 287, 359, 431, 2, 10),
(143, 'Salsa Verde Kick', 'A tangy and spicy pizza with a salsa verde base, roasted peppers, and a sprinkle of cotija cheese', 'images/prod_photo/salsa_verde_kick.jpg', 263, 329, 395, 2, 10),
(144, 'Spicy Ranchero', 'A pizza with a spicy ranchero sauce base, topped with black beans, corn, onions, and cheese', 'images/prod_photo/spicy_ranchero.jpg', 271, 339, 407, 2, 10),
(145, 'Mole Poblano Pizza', 'A rich and complex pizza with a savory mole sauce base, mild heat, topped with cheese and vegetables', 'images/prod_photo/mole_poblano.jpg', 295, 369, 443, 2, 10),
(146, 'Mexican Hot Honey', 'A pizza drizzled with spicy honey after baking, combining sweetness with fiery peppers and cheese', 'images/prod_photo/mexican_hot_honey.jpg', 279, 349, 419, 2, 10),
(147, 'Chili-Cheese Burst', 'A savory chili base, melted Mexican cheese, and a garnish of fresh jalapeños and cilantro', 'images/prod_photo/chili_cheese_burst.jpg', 271, 339, 407, 2, 10),
(148, 'Spicy Tinga Pizza', 'Uses a smoky, spicy mushroom mixture (tinga de hongos) as the topping, with fresh avocado and cilantro', 'images/prod_photo/spicy_tinga.jpg', 279, 349, 419, 2, 10),
(149, 'Elote Caliente', 'A spicy street corn pizza with roasted corn, cotija cheese, and extra chili powder or hot sauce', 'images/prod_photo/elote_caliente.jpg', 263, 329, 395, 2, 10),
(150, 'Habanero Mango Heat', 'A fruity-spicy combo of sweet mango chunks and fiery habanero peppers', 'images/prod_photo/habanero_mango_heat.jpg', 287, 359, 431, 2, 10),
(151, 'Avocado Cream Slice', 'Topped with fresh avocado slices and a creamy, tangy drizzle', 'images/prod_photo/avocado_cream_slice.jpg', 127, 159, 191, 2, 11),
(152, 'Black Bean Fiesta', 'A slice with a refried black bean base, corn, onions, and fresh cilantro', 'images/prod_photo/black_bean_fiesta.jpg', 119, 149, 179, 2, 11),
(153, 'Elote Caliente Slice', 'A slice with roasted corn, cotija cheese, chili powder, and a creamy lime sauce', 'images/prod_photo/elote_caliente_slice.jpg', 135, 169, 203, 2, 11),
(154, 'Verde Tomatillo Slice', 'A tangy slice with a green tomatillo salsa base, roasted peppers, and cheese', 'images/prod_photo/verde_tomatillo_slice.jpg', 127, 159, 191, 2, 11),
(155, 'Jalapeño Popper Slice', 'Topped with a cream cheese base, pickled jalapeños, and a blend of cheeses', 'images/prod_photo/jalapeno_popper_slice.jpg', 119, 149, 179, 2, 11),
(156, 'Three-Bean Medley Slice', 'A hearty slice with black beans, pinto beans, kidney beans, and roasted peppers', 'images/prod_photo/three_bean_medley_slice.jpg', 135, 169, 203, 2, 11),
(157, 'Smoky Bean & Corn Slice', 'A flavorful slice with charred corn and smoky refried beans', 'images/prod_photo/smoky_bean_corn_slice.jpg', 127, 159, 191, 2, 11),
(158, 'Veggie Fajita Slice', 'Features strips of bell peppers and onions, seasoned and roasted, with a melted cheese topping', 'images/prod_photo/veggie_fajita_slice.jpg', 135, 169, 203, 2, 11),
(159, 'Rustic Sweet Potato Slice', 'A satisfying slice with roasted sweet potato cubes, black beans, and chili flakes', 'images/prod_photo/rustic_sweet_potato_slice.jpg', 127, 159, 191, 2, 11),
(160, 'Pico de Gallo Burst', 'A slice topped with mozzarella, finished with fresh pico de gallo after baking', 'images/prod_photo/pico_de_gallo_burst.jpg', 127, 159, 191, 2, 11),
(161, 'Veggie Supreme Mexicana', 'A slice loaded with vegetables like corn, olives, capsicum, and onions with Mexican cheese blend', 'images/prod_photo/veggie_supreme_mexicana_slice.jpg', 143, 179, 215, 2, 11),
(162, 'Mushroom Tinga Slice', 'A smoky and spicy mushroom mixture (tinga de hongos) forms the base of this slice', 'images/prod_photo/mushroom_tinga_slice.jpg', 135, 169, 203, 2, 11),
(163, 'Four Cheese Mexicana', 'A slice with a blend of Oaxaca, cotija, queso fresco, and Monterey Jack cheeses', 'images/prod_photo/four_cheese_mexicana_slice.jpg', 143, 179, 215, 2, 11),
(164, 'Queso Fundido Slice', 'Inspired by the appetizer, with a bubbling layer of melted cheese and roasted poblano peppers', 'images/prod_photo/queso_fundido_slice.jpg', 135, 169, 203, 2, 11),
(165, 'Cotija & Poblano Slice', 'A slice with crumbled cotija cheese and roasted poblano peppers', 'images/prod_photo/cotija_poblano_slice.jpg', 127, 159, 191, 2, 11),
(166, 'Peri Peri Paneer Power', 'Features spicy Peri-Peri marinated paneer cubes, capsicum, and onions.', 'images/prod_photo/peri_peri_paneer_power.jpg', 199, 249, 299, 3, 12),
(167, 'Peri Peri Tandoori Fusion', 'Combines the smoky flavor of Tandoori paneer with the zing of Peri-Peri sauce.', 'images/prod_photo/peri_peri_tandoori_fusion.jpg', 207, 259, 311, 3, 12),
(168, 'Spicy Peri Peri Paneer Supreme', 'A mix of Peri-Peri paneer, red paprika, corn, and jalapeños.', 'images/prod_photo/spicy_peri_peri_paneer_supreme.jpg', 215, 269, 323, 3, 12),
(169, 'Peri Peri Makhani Veggie', 'Combines a rich Makhani sauce base with Peri-Peri spiced vegetables for a creamy and spicy fusion.', 'images/prod_photo/peri_peri_makhani_veggie.jpg', 191, 239, 287, 3, 12),
(170, 'Peri Peri Cottage Delight', 'Uses spiced cottage cheese and a mix of vegetables for a fiery kick.', 'images/prod_photo/peri_peri_cottage_delight.jpg', 183, 229, 275, 3, 12),
(171, 'Peri Peri Corn Fiesta', 'A sweet and spicy mix of Peri-Peri sauce, sweet corn, and chopped onions.', 'images/prod_photo/peri_peri_corn_fiesta.jpg', 175, 219, 263, 3, 12),
(172, 'Smoky Peri Peri Corn', 'Charred corn with a smoky Peri-Peri sauce base and a blend of cheese.', 'images/prod_photo/smoky_peri_peri_corn.jpg', 183, 229, 275, 3, 12),
(173, 'Peri Peri Golden Delight', 'A simple yet delicious combination of golden corn and Peri-Peri sauce.', 'images/prod_photo/peri_peri_golden_delight.jpg', 159, 199, 239, 3, 12),
(174, 'Peri Peri Corn & Cheese Burst', 'A cheesy pizza with a filling of corn and Peri-Peri sauce.', 'images/prod_photo/peri_peri_corn_cheese_burst.jpg', 207, 259, 311, 3, 12),
(175, 'Creamy Peri Peri Veg', 'A pizza featuring a Peri-Peri mayo drizzle and a mix of fresh vegetables.', 'images/prod_photo/creamy_peri_peri_veg.jpg', 199, 249, 299, 3, 12),
(176, 'Paneer Peri Peri Cream', 'A creamy and spicy pizza with Peri-Peri paneer cubes and a drizzle of creamy sauce.', 'images/prod_photo/paneer_peri_peri_cream.jpg', 215, 269, 323, 3, 12),
(177, 'Peri Peri Zucchini & Ricotta', 'A fresh and spicy pizza with zucchini slices, creamy ricotta, and a drizzle of Peri-Peri sauce.', 'images/prod_photo/peri_peri_zucchini_ricotta.jpg', 191, 239, 287, 3, 12),
(178, 'Peri Peri Garlic Mushroom', 'A combination of creamy garlic sauce, sautéed mushrooms, and Peri-Peri seasoning.', 'images/prod_photo/peri_peri_garlic_mushroom.jpg', 183, 229, 275, 3, 12),
(179, 'Peri Peri Veggie Supreme', 'Loaded with a mix of bell peppers, red onions, olives, and jalapeños with Peri-Peri sauce.', 'images/prod_photo/peri_peri_veggie_supreme.jpg', 223, 279, 335, 3, 12),
(180, 'African Peri Peri Veg', 'Inspired by the sauce origins, with a mix of vibrant, fresh vegetables.', 'images/prod_photo/african_peri_peri_veg.jpg', 199, 249, 299, 3, 12),
(181, 'Peri Peri Paneer Lava', 'A pizza with a cheesy crust and a topping of spicy Peri-Peri paneer cubes.', 'images/prod_photo/peri_peri_paneer_lava.jpg', 239, 299, 359, 3, 13),
(182, 'Volcanic Paneer Burst', 'An extra-spicy mix of Peri-Peri paneer and red chili flakes, erupting from a cheese-filled crust.', 'images/prod_photo/volcanic_paneer_burst.jpg', 255, 319, 383, 3, 13),
(183, 'Smoky Paneer Peri Peri Explosion', 'Features smoky Peri-Peri marinated paneer and a cheese-burst crust.', 'images/prod_photo/smoky_paneer_peri_peri_explosion.jpg', 263, 329, 395, 3, 13),
(184, 'Tandoori Paneer Peri Peri Bomb', 'A fusion of smoky Tandoori paneer, Peri-Peri seasoning, and a cheese-stuffed crust.', 'images/prod_photo/tandoori_paneer_peri_peri_bomb.jpg', 271, 339, 407, 3, 13),
(185, 'Paneer Peri Peri Supreme Burst', 'A loaded pizza with Peri-Peri paneer, red paprika, corn, and jalapeños, featuring a cheese-filled crust.', 'images/prod_photo/paneer_peri_peri_supreme_burst.jpg', 263, 329, 395, 3, 13),
(186, 'Spicy Paneer Makhani Melt', 'A creamy Makhani sauce base with Peri-Peri spiced paneer and a cheese-burst crust.', 'images/prod_photo/spicy_paneer_makhani_melt.jpg', 255, 319, 383, 3, 13),
(187, 'Paneer Blast Peri Peri', 'A straightforward name emphasizing the cheese burst and the heat of Peri-Peri paneer.', 'images/prod_photo/paneer_blast_peri_peri.jpg', 239, 299, 359, 3, 13),
(188, 'Cheesy Peri Peri Burst', 'A classic Peri-Peri veggie pizza with a delicious, cheesy stuffed crust.', 'images/prod_photo/cheesy_peri_peri_burst.jpg', 231, 289, 347, 3, 13),
(189, 'Creamy Peri Peri Veggie Blast', 'A pizza with a creamy Peri-Peri sauce drizzle and a cheese-burst crust.', 'images/prod_photo/creamy_peri_peri_veggie_blast.jpg', 239, 299, 359, 3, 13),
(190, 'Ricotta Peri Peri Volcano', 'A pizza with creamy ricotta and Peri-Peri marinated vegetables, erupting from a cheesy crust.', 'images/prod_photo/ricotta_peri_peri_volcano.jpg', 255, 319, 383, 3, 13),
(191, 'Gooey Garlic Peri Peri', 'Features a creamy garlic sauce base and Peri-Peri seasoned vegetables, with a cheese-burst crust.', 'images/prod_photo/gooey_garlic_peri_peri.jpg', 231, 289, 347, 3, 13),
(192, 'Peri Peri Zucchini Burst', 'Thin slices of zucchini, creamy ricotta, and a drizzle of Peri-Peri, all within a cheesy rim.', 'images/prod_photo/peri_peri_zucchini_burst.jpg', 247, 309, 371, 3, 13),
(193, 'Mushroom Peri Peri Cheese Bomb', 'A classic combination of mushrooms and Peri-Peri, with a cheesy, stuffed crust.', 'images/prod_photo/mushroom_peri_peri_cheese_bomb.jpg', 239, 299, 359, 3, 13),
(194, 'Peri Peri Corn & Cheese Burst', 'A sweet and spicy mix of sweet corn, onions, and Peri-Peri sauce, with a cheesy crust.', 'images/prod_photo/peri_peri_corn_cheese_burst1.jpg', 231, 289, 347, 3, 13),
(195, 'Golden Peri Peri Corn Explosion', 'Highlights the simple yet delicious flavor of golden corn with a spicy kick and a cheese-burst crust.', 'images/prod_photo/golden_peri_peri_corn_explosion.jpg', 239, 299, 359, 3, 13),
(196, 'Peri Peri Paneer Slice', 'A classic with spicy Peri-Peri marinated paneer cubes', 'images/prod_photo/peri_peri_paneer_slice.jpg', 79, 99, 119, 3, 14),
(197, 'Tandoori Paneer Peri Peri Slice', 'A fusion of smoky Tandoori paneer and fiery Peri-Peri seasoning', 'images/prod_photo/tandoori_paneer_peri_peri_slice.jpg', 87, 109, 131, 3, 14),
(198, 'Volcanic Paneer Slice', 'An extra-spicy mix of Peri-Peri paneer and chili flakes', 'images/prod_photo/volcanic_paneer_slice.jpg', 87, 109, 131, 3, 14),
(199, 'Peri Peri Makhani Slice', 'Combines a creamy Makhani sauce base with Peri-Peri spiced paneer', 'images/prod_photo/peri_peri_makhani_slice.jpg', 95, 119, 143, 3, 14),
(200, 'Paneer Peri Peri Supreme Slice', 'Features Peri-Peri paneer, red paprika, corn, and jalapeños', 'images/prod_photo/paneer_peri_peri_supreme_slice.jpg', 95, 119, 143, 3, 14),
(201, 'Peri Peri Onion Slice', 'A basic but flavorful slice with Peri-Peri sauce and crunchy onions', 'images/prod_photo/peri_peri_onion_slice.jpg', 71, 89, 107, 3, 14),
(202, 'Peri Peri Corn Slice', 'Highlights the sweet and spicy mix of Peri-Peri sauce and corn', 'images/prod_photo/peri_peri_corn_slice.jpg', 71, 89, 107, 3, 14),
(203, 'Peri Peri Tomato Slice', 'A simple slice with Peri-Peri sauce and sliced tomatoes', 'images/prod_photo/peri_peri_tomato_slice.jpg', 71, 89, 107, 3, 14),
(204, 'Peri Peri Capsicum Slice', 'A spicy and crunchy slice with green capsicum and Peri-Peri sauce', 'images/prod_photo/peri_peri_capsicum_slice.jpg', 71, 89, 107, 3, 14),
(205, 'Peri Peri Veggie Slice', 'A basic mix of vegetables with Peri-Peri sauce', 'images/prod_photo/peri_peri_veggie_slice.jpg', 71, 89, 107, 3, 14),
(206, 'Peri Peri Olives Slice', 'A briny and spicy combination of olives and Peri-Peri sauce', 'images/prod_photo/peri_peri_olives_slice.jpg', 76, 95, 114, 3, 14),
(207, 'Peri Peri Mushroom Slice', 'A classic slice with mushrooms and a Peri-Peri kick', 'images/prod_photo/peri_peri_mushroom_slice.jpg', 76, 95, 114, 3, 14),
(208, 'Peri Peri Plain Slice', 'A simple flatbread slice with just Peri-Peri sauce and cheese', 'images/prod_photo/peri_peri_plain_slice.jpg', 63, 79, 95, 3, 14),
(209, 'Peri Peri Garlic Slice', 'A slice with a garlic sauce base and a spicy Peri-Peri kick', 'images/prod_photo/peri_peri_garlic_slice.jpg', 71, 89, 107, 3, 14),
(210, 'Peri Peri Herb Slice', 'A slice with Peri-Peri sauce and a mix of herbs', 'images/prod_photo/peri_peri_herb_slice.jpg', 71, 89, 107, 3, 14),
(211, 'Peri Peri Paneer Blaze', 'Cubes of paneer marinated in Peri-Peri sauce with red paprika, onions, and extra chili flakes', 'images/prod_photo/peri_peri_paneer_blaze.jpg', 239, 299, 359, 3, 15),
(212, 'Volcanic Paneer Fury', 'An extra-spicy mix of Peri-Peri paneer, fiery green chiles, and a cheese topping', 'images/prod_photo/volcanic_paneer_fury.jpg', 247, 309, 371, 3, 15),
(213, 'Tandoori Inferno', 'Smoky tandoori spiced paneer with a fiery Peri-Peri kick', 'images/prod_photo/tandoori_inferno.jpg', 255, 319, 383, 3, 15),
(214, 'Blazing Paneer Fusion', 'A blend of Peri-Peri paneer, red bell peppers, and spicy sauce', 'images/prod_photo/blazing_paneer_fusion.jpg', 239, 299, 359, 3, 15),
(215, 'Peri Peri Paneer Fireball', 'Fiery Peri-Peri paneer cubes with onions and capsicum', 'images/prod_photo/peri_peri_paneer_fireball.jpg', 231, 289, 347, 3, 15),
(216, 'Spicy Paneer Makhani Blast', 'Rich makhani sauce base topped with Peri-Peri spiced paneer', 'images/prod_photo/spicy_paneer_makhani_blast.jpg', 255, 319, 383, 3, 15),
(217, 'Smoky Paneer Heatwave', 'Charred smoky paneer with a powerful Peri-Peri flavor', 'images/prod_photo/smoky_paneer_heatwave.jpg', 239, 299, 359, 3, 15),
(218, 'Paneer Blast Inferno', 'An explosion of flavor and heat with spicy paneer and Peri-Peri', 'images/prod_photo/paneer_blast_inferno.jpg', 247, 309, 371, 3, 15),
(219, 'Peri Peri Pineapple Inferno', 'Sweet pineapple balanced with fiery Peri-Peri sauce', 'images/prod_photo/peri_peri_pineapple_inferno.jpg', 231, 289, 347, 3, 15),
(220, 'Chili Garlic Peri Peri', 'Garlic, fresh green chiles, and a Peri-Peri sauce base', 'images/prod_photo/chili_garlic_peri_peri.jpg', 223, 279, 335, 3, 15),
(221, 'Hot Passion Peri Pizza', 'An intensely spicy pizza with bold Peri-Peri seasonings', 'images/prod_photo/hot_passion_peri_pizza.jpg', 239, 299, 359, 3, 15),
(222, 'Peri Peri Olive Medley Fire', 'Black & green olives with Peri-Peri sauce and red onions', 'images/prod_photo/peri_peri_olive_medley_fire.jpg', 247, 309, 371, 3, 15),
(223, 'Jalapeño Popper Peri Peri', 'Cream cheese base with pickled jalapeños and Peri-Peri kick', 'images/prod_photo/jalapeno_popper_peri_peri.jpg', 255, 319, 383, 3, 15),
(224, 'African Spice Vortex', 'A vortex of African-inspired Peri-Peri spices and heat', 'images/prod_photo/african_spice_vortex.jpg', 263, 329, 395, 3, 15),
(225, 'Volcanic Veggie Scorch', 'Loaded veggie pizza with extra Peri-Peri sauce and fiery chiles', 'images/prod_photo/volcanic_veggie_scorch.jpg', 239, 299, 359, 3, 15),
(226, 'Peri Paneer Twist', 'A simple and satisfying pizza featuring cubes of paneer marinated in Peri-Peri sauce, topped with onions.', 'images/prod_photo/peri_paneer_twist.jpg', 159, 199, 239, 3, 16),
(227, 'Spicy Paneer Mania', 'A straightforward take on the spicy paneer pizza, with fiery Peri-Peri paneer cubes and a sprinkle of chili flakes.', 'images/prod_photo/spicy_paneer_mania.jpg', 167, 209, 251, 3, 16),
(228, 'Tandoori Peri Paneer', 'Combines the smoky essence of Tandoori paneer with the zing of Peri-Peri seasoning.', 'images/prod_photo/tandoori_peri_paneer.jpg', 175, 219, 263, 3, 16),
(229, 'Paneer Fireball', 'Small cubes of fiery Peri-Peri paneer, red onions, and capsicum for a flavorful, zesty kick.', 'images/prod_photo/paneer_fireball.jpg', 183, 229, 275, 3, 16),
(230, 'Peri Peri Cottage Delight', 'Uses spiced cottage cheese (paneer) and onions for a flavorful and satisfying, yet simple, pizza.', 'images/prod_photo/peri_peri_cottage_delight1.jpg', 159, 199, 239, 3, 16),
(231, 'Paneer Peri & Corn', 'A sweet and savory combination of Peri-Peri paneer cubes and golden corn.', 'images/prod_photo/paneer_peri_corn.jpg', 167, 209, 251, 3, 16),
(232, 'Zesty Paneer Capsicum', 'A simple pizza with zesty Peri-Peri paneer and crunchy capsicum slices.', 'images/prod_photo/zesty_paneer_capsicum.jpg', 159, 199, 239, 3, 16),
(233, 'Peri Corn Classic', 'A delightful combination of sweet corn and a drizzle of spicy Peri-Peri sauce.', 'images/prod_photo/peri_corn_classic.jpg', 143, 179, 215, 3, 16),
(234, 'Peri Peri Capsicum Punch', 'A pizza focusing on the spicy, crunchy capsicum, with a Peri-Peri sauce base.', 'images/prod_photo/peri_peri_capsicum_punch.jpg', 151, 189, 227, 3, 16),
(235, 'Corn & Capsicum Zinger', 'A sweet corn and capsicum pizza with an extra dose of Peri-Peri heat.', 'images/prod_photo/corn_capsicum_zinger.jpg', 159, 199, 239, 3, 16),
(236, 'Smoky Corn Peri', 'Charred, smoky corn kernels with a light Peri-Peri sauce and cheese.', 'images/prod_photo/smoky_corn_peri.jpg', 151, 189, 227, 3, 16),
(237, 'Golden Corn Peri Delight', 'Highlights the simple sweetness of golden corn paired with a spicy Peri-Peri sauce.', 'images/prod_photo/golden_corn_peri_delight.jpg', 159, 199, 239, 3, 16),
(238, 'Peri Peri Corn & Onion', 'A budget-friendly mix of corn and onions with a spicy Peri-Peri twist.', 'images/prod_photo/peri_peri_corn_onion.jpg', 143, 179, 215, 3, 16),
(239, 'Crunchy Peri Capsicum', 'A simple pizza with extra crunchy capsicum slices and Peri-Peri seasoning.', 'images/prod_photo/crunchy_peri_capsicum.jpg', 151, 189, 227, 3, 16),
(240, 'Veggie Peri Mania', 'A straightforward vegetarian pizza with a mix of everyday vegetables and Peri-Peri sauce.', 'images/prod_photo/veggie_peri_mania.jpg', 159, 199, 239, 3, 16),
(241, 'Makhani Paneer Supreme', 'A rich and creamy Makhani sauce base with spiced paneer, onions, and capsicum', 'images/prod_photo/makhani_paneer_supreme.jpg', 199, 249, 299, 4, 17),
(242, 'Tandoori Paneer Supreme', 'Tandoori-marinated paneer with onions, capsicum, and mint mayo garnish', 'images/prod_photo/tandoori_paneer_supreme.jpg', 207, 259, 311, 4, 17),
(243, 'Peppy Paneer Supreme', 'Chunky paneer, crisp capsicum, spicy red pepper, and veggies for a peppy delight', 'images/prod_photo/peppy_paneer_supreme.jpg', 191, 239, 287, 4, 17),
(244, 'Kadhai Paneer Supreme', 'Paneer, onions, and capsicum on a spicy Kadhai sauce base', 'images/prod_photo/kadhai_paneer_supreme.jpg', 199, 249, 299, 4, 17),
(245, 'Achari Paneer Supreme', 'Tangy achari-flavored pizza with paneer, onions, and capsicum', 'images/prod_photo/achari_paneer_supreme.jpg', 183, 229, 275, 4, 17),
(246, 'Desi Paneer Supreme', 'Rustic Indian-style pizza with spiced paneer, onions, tomatoes, and masala', 'images/prod_photo/desi_paneer_supreme.jpg', 191, 239, 287, 4, 17),
(247, 'Royal Spice Paneer Supreme', 'Indulgent paneer pizza with aromatic spices, onions, and tomatoes', 'images/prod_photo/royal_spice_paneer_supreme.jpg', 207, 259, 311, 4, 17),
(248, 'Southern Fiery Paneer Supreme', 'Fiery South Indian-style sauce with paneer and green capsicum', 'images/prod_photo/southern_fiery_paneer_supreme.jpg', 199, 249, 299, 4, 17),
(249, 'Peri Peri Paneer Supreme', 'Spicy Peri-Peri paneer with capsicum, onions, and jalapenos', 'images/prod_photo/peri_peri_paneer_supreme.jpg', 199, 249, 299, 4, 17),
(250, 'Chili Paneer Supreme', 'Indo-Chinese style paneer with Schezwan sauce, onions, and capsicum', 'images/prod_photo/chili_paneer_supreme.jpg', 191, 239, 287, 4, 17),
(251, 'Volcanic Paneer Supreme', 'An extra-spicy mix of paneer, peppers, and chili flakes', 'images/prod_photo/volcanic_paneer_supreme.jpg', 207, 259, 311, 4, 17),
(252, 'Spicy Paneer Blast', 'Loaded with fiery paneer cubes and a hot sauce base', 'images/prod_photo/spicy_paneer_blast.jpg', 191, 239, 287, 4, 17),
(253, 'Fiery Paneer & Corn Supreme', 'Sweet corn with spicy paneer and peppers for a sweet-heat combo', 'images/prod_photo/fiery_paneer_corn_supreme.jpg', 199, 249, 299, 4, 17),
(254, 'Jalapeño Paneer Supreme', 'Paneer with jalapeños, onions, and spicy sauce', 'images/prod_photo/jalapeno_paneer_supreme.jpg', 191, 239, 287, 4, 17),
(255, 'Creamy Paneer Supreme', 'White sauce base with creamy paneer, onions, and vegetables', 'images/prod_photo/creamy_paneer_supreme.jpg', 199, 249, 299, 4, 17),
(256, 'Makhani Paneer Cheese Supreme', 'A rich and creamy Makhani sauce base with spiced paneer and extra cheese.', 'images/prod_photo/makhani_paneer_cheese_supreme.jpg', 239, 299, 359, 4, 18),
(257, 'Tandoori Paneer Cheese Supreme', 'Tandoori-marinated paneer with onions, capsicum, mozzarella, and smoked cheese.', 'images/prod_photo/tandoori_paneer_cheese_supreme.jpg', 255, 319, 383, 4, 18),
(258, 'Achari Paneer Cheese Supreme', 'A tangy pizza with achari paneer and a multi-cheese topping.', 'images/prod_photo/achari_paneer_cheese_supreme.jpg', 247, 309, 371, 4, 2),
(259, 'Royal Spice Paneer Cheese Supreme', 'Paneer, onions, and tomatoes with a premium cheese blend and royal spices.', 'images/prod_photo/royal_spice_paneer_cheese_supreme.jpg', 263, 329, 395, 4, 18),
(260, 'Desi Paneer Double Cheese', 'Spiced paneer, onions, tomatoes, and double the cheesy goodness.', 'images/prod_photo/desi_paneer_double_cheese.jpg', 239, 299, 359, 4, 18),
(261, 'Kadhai Paneer Cheese Melt', 'Juicy marinated paneer on a Kadhai sauce base with gooey melted cheese.', 'images/prod_photo/kadhai_paneer_cheese_melt.jpg', 247, 309, 371, 4, 18),
(262, 'Spicy Paneer Four Cheese', 'Spicy paneer with a blend of four cheeses for a rich experience.', 'images/prod_photo/spicy_paneer_four_cheese.jpg', 271, 339, 407, 4, 2),
(263, 'Paneer Butter Masala Cheese Burst', 'Paneer with butter masala sauce and a cheese-stuffed crust.', 'images/prod_photo/paneer_butter_masala_cheese_burst.jpg', 279, 349, 419, 4, 18),
(264, 'Peri Peri Paneer Cheese Burst', 'Spicy Peri-Peri paneer with a cheese-stuffed crust.', 'images/prod_photo/peri_peri_paneer_cheese_burst.jpg', 263, 329, 395, 4, 18),
(265, 'Chili Paneer Cheese Sizzler', 'Indo-Chinese chili paneer with onions, capsicum, and sizzling cheese.', 'images/prod_photo/chili_paneer_cheese_sizzler.jpg', 255, 319, 383, 4, 18),
(266, 'Volcanic Paneer Cheese Supreme', 'Paneer, fiery peppers, and lots of melted cheese.', 'images/prod_photo/volcanic_paneer_cheese_supreme.jpg', 271, 339, 407, 4, 18),
(267, 'Spicy Paneer Cheese Blast', 'Spicy paneer cubes with fiery sauce and a cheese burst.', 'images/prod_photo/spicy_paneer_cheese_blast.jpg', 263, 329, 395, 4, 18),
(268, 'Jalapeño Paneer Cheese Supreme', 'Paneer with jalapeños and a bold cheese topping.', 'images/prod_photo/jalapeno_paneer_cheese_supreme.jpg', 255, 319, 383, 4, 18),
(269, 'Peri Peri Paneer Cheese Melt', 'Peri-Peri paneer with gooey melted cheese.', 'images/prod_photo/peri_peri_paneer_cheese_melt.jpg', 247, 309, 371, 4, 18),
(270, 'Blazing Paneer Cheese Fiesta', 'Paneer, peppers, and an extra-cheesy topping.', 'images/prod_photo/blazing_paneer_cheese_fiesta.jpg', 263, 329, 395, 4, 18),
(271, 'Makhani Paneer Cheese Burst', 'A rich and creamy Makhani sauce base, topped with spiced paneer and a lava-like cheese-stuffed crust.', 'images/prod_photo/makhani_paneer_cheese_burst.jpg', 279, 349, 419, 4, 19),
(272, 'Tandoori Paneer Cheese Burst', 'Smoky Tandoori-marinated paneer with onions, capsicum, and a tandoori-spiced cheese-filled crust.', 'images/prod_photo/tandoori_paneer_cheese_burst.jpg', 287, 359, 431, 4, 19),
(273, 'Achari Paneer Cheese Burst', 'Tangy and spicy achari-flavored paneer and veggies, with a cheese burst for an extra kick.', 'images/prod_photo/achari_paneer_cheese_burst.jpg', 271, 339, 407, 4, 19),
(274, 'Kadhai Paneer Cheese Burst', 'A vibrant Kadhai sauce, marinated paneer, and a surprise of cheesy goodness in the crust.', 'images/prod_photo/kadhai_paneer_cheese_burst.jpg', 279, 349, 419, 4, 19),
(275, 'Desi Paneer Double Burst', 'A rustic, homemade-style pizza with spiced paneer, veggies, and a double layer of cheese burst.', 'images/prod_photo/desi_paneer_double_burst.jpg', 263, 329, 395, 4, 19),
(276, 'Royal Spice Paneer Cheese Burst', 'An indulgent pizza with richly spiced paneer, aromatic spices, and a premium cheese burst.', 'images/prod_photo/royal_spice_paneer_cheese_burst.jpg', 295, 369, 443, 4, 19),
(277, 'Paneer Butter Masala Cheese Burst', 'A decadent pizza with a creamy butter masala sauce, paneer, and a cheese-stuffed crust.', 'images/prod_photo/paneer_butter_masala_cheese_burst1.jpg', 287, 359, 431, 4, 19),
(278, 'Paneer Tikka Butter Masala Cheese Burst', 'A fusion of Paneer Tikka and Butter Masala flavors, all wrapped in a cheesy crust.', 'images/prod_photo/paneer_tikka_butter_masala_cheese_burst.jpg', 295, 369, 443, 4, 19),
(279, 'Peri Peri Paneer Cheese Burst', 'A spicy and zesty pizza featuring Peri-Peri paneer cubes, capsicum, and a cheese-stuffed crust.', 'images/prod_photo/peri_peri_paneer_cheese_burst1.jpg', 279, 349, 419, 4, 19),
(280, 'Volcanic Paneer Cheese Burst', 'An extra-spicy pizza with paneer, fiery peppers, and an \"erupting\" cheese-stuffed crust.', 'images/prod_photo/volcanic_paneer_cheese_burst.jpg', 287, 359, 431, 4, 19),
(281, 'Chili Paneer Cheese Sizzler Burst', 'An Indo-Chinese pizza with spicy chili paneer and a sizzling cheese-burst crust.', 'images/prod_photo/chili_paneer_cheese_sizzler_burst.jpg', 279, 349, 419, 4, 19),
(282, 'Spicy Paneer Cheese Blast Burst', 'A pizza loaded with spicy paneer, a fiery sauce, and an explosive cheese burst.', 'images/prod_photo/spicy_paneer_cheese_blast_burst.jpg', 287, 359, 431, 4, 19),
(283, 'Fiery Paneer & Corn Cheese Burst', 'Sweet corn, spicy paneer, and peppers with a cheesy burst crust for a mix of flavors.', 'images/prod_photo/fiery_paneer_corn_cheese_burst.jpg', 271, 339, 407, 4, 19),
(284, 'Blazing Paneer Cheese Burst', 'A fiery pizza with paneer, peppers, and an abundance of melted cheese in the crust.', 'images/prod_photo/blazing_paneer_cheese_burst.jpg', 279, 349, 419, 4, 19),
(285, 'Jalapeño Paneer Cheese Burst', 'Paneer and jalapeños for a bold, spicy flavor, with a burst of cheese in every bite.', 'images/prod_photo/jalapeno_paneer_cheese_burst.jpg', 287, 359, 431, 4, 19),
(286, 'Fiery Tandoori Paneer Supreme', 'Features tandoori-marinated paneer, onions, capsicum, and a tandoori sauce base with extra heat.', 'images/prod_photo/fiery_tandoori_paneer_supreme.jpg', 287, 359, 431, 4, 20),
(287, 'Spicy Paneer Makhani Blast', 'Combines a rich and creamy Makhani sauce base with fiery Peri-Peri spiced paneer, extra peppers, and chili flakes.', 'images/prod_photo/spicy_paneer_makhani_blast1.jpg', 295, 369, 443, 4, 20),
(288, 'Achari Paneer Firestorm', 'A tangy and intensely spicy pizza with an achari (pickle) flavored sauce, paneer, and hot peppers.', 'images/prod_photo/achari_paneer_firestorm.jpg', 287, 359, 431, 4, 20),
(289, 'Chili Paneer Volcano', 'An Indo-Chinese fusion pizza with extra-spicy Schezwan sauce, paneer, and a mix of fiery chiles.', 'images/prod_photo/chili_paneer_volcano.jpg', 295, 369, 443, 4, 20);
INSERT INTO `product_master_tbl` (`prod_id`, `prod_name`, `prod_description`, `prod_photo`, `price_small`, `price_medium`, `price_large`, `cat_id`, `sub_cat_id`) VALUES
(290, 'Southern Fiery Paneer Supreme', 'A spicy pizza with marinated paneer, green capsicum, tomatoes, and a sauce bursting with traditional southern spices.', 'images/prod_photo/southern_fiery_paneer_supreme1.jpg', 287, 359, 431, 4, 20),
(291, 'Volcanic Paneer Fury', 'An extra-spicy pizza with paneer and a mix of fiery peppers and chili flakes, for a truly volcanic experience.', 'images/prod_photo/volcanic_paneer_fury1.jpg', 295, 369, 443, 4, 20),
(292, 'Spicy Paneer Masala Supreme', 'Richly spiced paneer, onions, tomatoes, and aromatic spices with an extra spicy kick.', 'images/prod_photo/spicy_paneer_masala_supreme.jpg', 287, 359, 431, 4, 20),
(293, 'Red Chilli Paneer Blast', 'A pizza loaded with red chili sauce, marinated paneer cubes, and a powerful spicy punch.', 'images/prod_photo/red_chilli_paneer_blast.jpg', 287, 359, 431, 4, 20),
(294, 'Peri Peri Paneer Heatwave', 'A spicy and zesty pizza featuring Peri-Peri paneer cubes, capsicum, onions, and jalapeños, with an added layer of fiery intensity.', 'images/prod_photo/peri_peri_paneer_heatwave.jpg', 295, 369, 443, 4, 20),
(295, 'Jalapeño Paneer Popper Pizza', 'A fun fusion pizza with a creamy base, pickled jalapeños, paneer, and a spicy hit.', 'images/prod_photo/jalapeno_paneer_popper_pizza.jpg', 287, 359, 431, 4, 20),
(296, 'Habanero Paneer Supreme', 'A pizza for serious spice lovers, with a habanero-infused sauce, paneer, onions, and capsicum.', 'images/prod_photo/habanero_paneer_supreme.jpg', 303, 379, 455, 4, 20),
(297, 'Blazing Paneer & Corn Supreme', 'A sweet and spicy combination of golden corn, spicy paneer, and fiery peppers.', 'images/prod_photo/blazing_paneer_corn_supreme.jpg', 287, 359, 431, 4, 20),
(298, 'Spicy Paneer Fusion Fiesta', 'A bold mix of flavors, with spicy paneer, Mexican seasonings, jalapeños, and olives.', 'images/prod_photo/spicy_paneer_fusion_fiesta.jpg', 295, 369, 443, 4, 20),
(299, 'Peri Peri Paneer Fireball', 'Small, flavorful cubes of fiery Peri-Peri paneer, onions, and capsicum for a zesty, intense kick.', 'images/prod_photo/peri_peri_paneer_fireball1.jpg', 287, 359, 431, 4, 20),
(300, 'African Paneer Fiery', 'Inspired by Peri-Peri, this pizza features vibrant vegetables and a fiercely hot, spicy paneer.', 'images/prod_photo/african_paneer_fiery.jpg', 295, 369, 443, 4, 20),
(301, 'Tandoori Paneer Slice', 'A classic slice featuring smoky tandoori-marinated paneer, onions, and capsicum.', 'images/prod_photo/tandoori_paneer_slice.jpg', 129, 249, 329, 4, 21),
(302, 'Makhani Paneer Slice', 'A creamy and rich slice with a Makhani sauce base and spiced paneer.', 'images/prod_photo/makhani_paneer_slice.jpg', 129, 249, 329, 4, 21),
(303, 'Peppy Paneer Slice', 'Features chunky paneer, crisp capsicum, and spicy red pepper, inspired by Domino\'s.', 'images/prod_photo/peppy_paneer_slice.jpg', 129, 249, 329, 4, 21),
(304, 'Achari Paneer Slice', 'A tangy and spicy slice with achari (pickle) flavor, paneer, and onions.', 'images/prod_photo/achari_paneer_slice.jpg', 129, 249, 329, 4, 21),
(305, 'Kadhai Paneer Slice', 'A slice with a Kadhai sauce base, marinated paneer, onions, and capsicum.', 'images/prod_photo/kadhai_paneer_slice.jpg', 129, 249, 329, 4, 21),
(306, 'Desi Paneer Slice', 'A simple, homemade-style slice with spiced paneer, onions, and tomatoes.', 'images/prod_photo/desi_paneer_slice.jpg', 129, 249, 329, 4, 21),
(307, 'Royal Spice Paneer Slice', 'An indulgent slice with richly spiced paneer, onions, and aromatic spices.', 'images/prod_photo/royal_spice_paneer_slice.jpg', 129, 249, 329, 4, 21),
(308, 'Masala Paneer Slice', 'A simple and classic slice with flavorful masala-spiced paneer.', 'images/prod_photo/masala_paneer_slice.jpg', 129, 249, 329, 4, 21),
(309, 'Peri Peri Paneer Slice', 'A spicy and zesty slice featuring Peri-Peri paneer cubes, capsicum, and onions.', 'images/prod_photo/peri_peri_paneer_slice1.jpg', 139, 259, 339, 4, 21),
(310, 'Chili Paneer Sizzle Slice', 'An Indo-Chinese fusion slice with spicy Schezwan sauce, paneer, and mixed vegetables.', 'images/prod_photo/chili_paneer_sizzle_slice.jpg', 139, 259, 339, 4, 21),
(311, 'Volcanic Paneer Slice', 'An extra-spicy slice with paneer and a mix of fiery peppers and chili flakes.', 'images/prod_photo/volcanic_paneer_slice1.jpg', 139, 259, 339, 4, 21),
(312, 'Spicy Paneer Blast Slice', 'A slice loaded with spicy paneer cubes and a fiery sauce.', 'images/prod_photo/spicy_paneer_blast_slice.jpg', 139, 259, 339, 4, 21),
(313, 'Jalapeño Paneer Slice', 'A slice with paneer, jalapeños, and a bold, spicy flavor.', 'images/prod_photo/jalapeno_paneer_slice.jpg', 139, 259, 339, 4, 21),
(314, 'Fiery Paneer & Corn Slice', 'A sweet and spicy slice with golden corn and spicy paneer.', 'images/prod_photo/fiery_paneer_corn_slice.jpg', 139, 259, 339, 4, 21),
(315, 'Red Chilli Paneer Slice', 'A slice with a red chili sauce base, marinated paneer cubes, and a powerful spicy punch.', 'images/prod_photo/red_chilli_paneer_slice.jpg', 139, 259, 339, 4, 21),
(316, 'Margherita Bufalina', 'The classic made with creamy buffalo mozzarella, which adds a richer flavor.', 'images/prod_photo/margherita_bufalina.jpg', 299, 319, 339, 5, 22),
(317, 'Margherita San Marzano', 'Emphasizes the use of high-quality San Marzano tomatoes for an authentic, sweeter sauce.', 'images/prod_photo/margherita_san_marzano.jpg', 299, 319, 339, 5, 22),
(318, 'Margherita Caprese', 'Features fresh mozzarella, sliced tomatoes, and basil, sometimes adding a balsamic glaze after baking.', 'images/prod_photo/margherita_caprese.jpg', 299, 319, 339, 5, 22),
(319, 'Margherita Ricotta', 'Adds creamy dollops of ricotta cheese for a richer texture.', 'images/prod_photo/margherita_ricotta.jpg', 299, 319, 339, 5, 22),
(320, 'Margherita con Aglio', 'The classic is enhanced with a hint of fresh garlic for an extra layer of flavor.', 'images/prod_photo/margherita_con_aglio.jpg', 299, 319, 339, 5, 22),
(321, 'Heirloom Tomato Margherita', 'Showcases a variety of colorful and flavorful heirloom tomatoes.', 'images/prod_photo/heirloom_tomato_margherita.jpg', 299, 319, 339, 5, 22),
(322, 'Margherita al Forno', 'Simply means \"Margherita from the oven,\" emphasizing the fresh, hot preparation.', 'images/prod_photo/margherita_al_forno.jpg', 299, 319, 339, 5, 22),
(323, 'Basilico Fresco', 'Highlights the fresh basil, which is a key flavor in a classic Margherita.', 'images/prod_photo/basilico_fresco.jpg', 279, 299, 319, 5, 22),
(324, 'Pomodoro & Mozzarella', 'Focuses on the simple, core ingredients of tomato and mozzarella.', 'images/prod_photo/pomodoro_mozzarella.jpg', 279, 299, 319, 5, 22),
(325, 'Napoli Classico', 'A nod to Naples, the birthplace of the Margherita pizza.', 'images/prod_photo/napoli_classico.jpg', 279, 299, 319, 5, 22),
(326, 'Herb Garden Pizza', 'A Margherita with an assortment of fresh herbs from the garden, not just basil.', 'images/prod_photo/herb_garden_pizza.jpg', 279, 299, 319, 5, 22),
(327, 'The Tricolore', 'Named after the three colors of the Italian flag (red, white, and green).', 'images/prod_photo/the_tricolore.jpg', 279, 299, 319, 5, 22),
(328, 'Simple & Fresh Pizza', 'A name that promises a clean and uncomplicated flavor.', 'images/prod_photo/simple_fresh_pizza.jpg', 279, 299, 319, 5, 22),
(329, 'Fresh Mozzarella Bliss', 'Focuses on the fresh, delicate flavor of the mozzarella cheese.', 'images/prod_photo/fresh_mozzarella_bliss.jpg', 279, 299, 319, 5, 22),
(330, 'Margherita Ortolana', 'A gardeners Margherita, with a simple topping of grilled zucchini and eggplant.', 'images/prod_photo/margherita_ortolana.jpg', 309, 329, 349, 5, 22),
(331, 'Triple Cheese Margherita', 'Features a blend of three cheeses, such as mozzarella, Parmigiano-Reggiano, and provolone, for extra depth.', 'images/prod_photo/triple_cheese_margherita.jpg', 349, 399, 449, 5, 23),
(332, 'Margherita Burrata', 'A decadent pizza where a ball of fresh burrata is added after baking, melting over the hot pizza for an extra creamy texture.', 'images/prod_photo/margherita_burrata.jpg', 359, 409, 459, 5, 23),
(333, 'Margherita Bufalina', 'The classic made with creamy buffalo mozzarella, which adds a richer flavor and is the traditional cheese for this pizza.', 'images/prod_photo/margherita_bufalina1.jpg', 349, 399, 449, 5, 23),
(334, 'Four Cheese Margherita', 'A Margherita with a blend of four cheeses, often including mozzarella, gorgonzola, fontina, and Parmigiano-Reggiano.', 'images/prod_photo/four_cheese_margherita.jpg', 359, 409, 459, 5, 23),
(335, 'Smoked Mozzarella Margherita', 'Uses smoked mozzarella for a deeper, smokier flavor that complements the simple tomato and basil.', 'images/prod_photo/smoked_mozzarella_margherita.jpg', 349, 399, 449, 5, 23),
(336, 'Margherita & Ricotta Swirl', 'Adds creamy dollops of ricotta cheese in a swirl pattern, providing a richer, softer texture.', 'images/prod_photo/margherita_ricotta_swirl.jpg', 359, 409, 459, 5, 23),
(337, 'Margherita al Provolone', 'Uses a sharper, more flavorful provolone cheese instead of or in addition to mozzarella.', 'images/prod_photo/margherita_al_provolone.jpg', 349, 399, 449, 5, 23),
(338, 'Margherita Overload', 'A cheesy pizza with an extra-generous amount of mozzarella and other cheeses.', 'images/prod_photo/margherita_overload.jpg', 369, 419, 469, 5, 23),
(339, 'The Margherita Cheese Kingdom', 'A pizza fit for royalty, with an abundant topping of various cheeses.', 'images/prod_photo/margherita_cheese_kingdom.jpg', 369, 419, 469, 5, 23),
(340, 'Margherita Cheese Marvel', 'An amazing and marvelous pizza with a decadent cheese topping.', 'images/prod_photo/margherita_cheese_marvel.jpg', 369, 419, 469, 5, 23),
(341, 'The Ultimate Cheese Margherita', 'The ultimate cheese experience on a Margherita base.', 'images/prod_photo/ultimate_cheese_margherita.jpg', 369, 419, 469, 5, 23),
(342, 'Deluxe Cheese Margherita', 'An upscale combination of high-quality cheeses on a classic Margherita.', 'images/prod_photo/deluxe_cheese_margherita.jpg', 369, 419, 469, 5, 23),
(343, 'Margherita Cheesy Dream', 'Emphasizes the rich, gooey, and satisfying melted cheese.', 'images/prod_photo/margherita_cheesy_dream.jpg', 369, 419, 469, 5, 23),
(344, 'Margherita Caprese Burrata', 'The classic caprese-style pizza with a luxurious ball of fresh burrata.', 'images/prod_photo/margherita_caprese_burrata.jpg', 359, 409, 459, 5, 23),
(345, 'Margherita Bianca Formaggi', 'A \"white\" Margherita with a cheese blend, but no tomato sauce, just olive oil, fresh tomatoes, and mozzarella.', 'images/prod_photo/margherita_bianca_formaggi.jpg', 359, 409, 459, 5, 23),
(346, 'Classic Margherita Mania', 'The essential Margherita—simple tomato sauce, mozzarella, and basil.', 'images/prod_photo/classic_margherita_mania.jpg', 299, 349, 399, 5, 24),
(347, 'Plain Jane Margherita', 'A straightforward, no-frills version with just the core ingredients.', 'images/prod_photo/plain_jane_margherita.jpg', 299, 349, 399, 5, 24),
(348, 'Basic Margherita', 'A simple, uncomplicated option for a quick bite.', 'images/prod_photo/basic_margherita.jpg', 299, 349, 399, 5, 24),
(349, 'Tomato & Mozzarella Mania', 'Highlights the two main toppings in a budget-friendly format.', 'images/prod_photo/tomato_mozzarella_mania.jpg', 299, 349, 399, 5, 24),
(350, 'Mania Margherita', 'A straightforward fusion of the \"mania\" concept and the classic Margherita.', 'images/prod_photo/mania_margherita.jpg', 299, 349, 399, 5, 24),
(351, 'Simply Basil & Cheese', 'Focuses on the two most prominent flavors alongside the sauce.', 'images/prod_photo/simply_basil_cheese.jpg', 299, 349, 399, 5, 24),
(352, 'The Original Mania', 'The original classic Margherita recipe, in a smaller, more affordable size.', 'images/prod_photo/original_mania.jpg', 299, 349, 399, 5, 24),
(353, 'The Cheerful Classic', 'A simple, happy name for a classic, comforting pizza.', 'images/prod_photo/cheerful_classic.jpg', 299, 349, 399, 5, 24),
(354, 'Simply Red, White & Green', 'Refers to the classic colors of the Italian flag.', 'images/prod_photo/red_white_green.jpg', 299, 349, 399, 5, 24),
(355, 'Napoli Original Mania', 'A nod to Naples, the birthplace of the pizza, in a simple version.', 'images/prod_photo/napoli_original_mania.jpg', 299, 349, 399, 5, 24),
(356, 'Margherita Mania with Onion', 'A classic with a simple and flavorful addition of chopped onion.', 'images/prod_photo/margherita_mania_onion.jpg', 309, 359, 409, 5, 24),
(357, 'Margherita Mania with Olives', 'Adds a few briny olives for a taste of the Mediterranean.', 'images/prod_photo/margherita_mania_olives.jpg', 309, 359, 409, 5, 24),
(358, 'Margherita Mania with Garlic', 'Infused with a hint of garlic for an extra layer of flavor.', 'images/prod_photo/margherita_mania_garlic.jpg', 309, 359, 409, 5, 24),
(359, 'Margherita Mania with Oregano', 'Topped with a sprinkle of oregano for a simple, earthy touch.', 'images/prod_photo/margherita_mania_oregano.jpg', 309, 359, 409, 5, 24),
(360, 'Margherita Mania with Basil Sprinkles', 'A minimal, yet fresh, basil garnish for flavor and color.', 'images/prod_photo/margherita_mania_basil.jpg', 309, 359, 409, 5, 24),
(361, 'Diavola Margherita', 'A \"devils\" Margherita with a spicy chili kick.', 'images/prod_photo/diavola_margherita.jpg', 329, 379, 429, 5, 25),
(362, 'Margherita Inferno', 'Intensely spicy Margherita with a fiery sauce base.', 'images/prod_photo/margherita_inferno.jpg', 329, 379, 429, 5, 25),
(363, 'Spicy Basilico', 'Classic Margherita with fresh basil and a zesty, spicy flavor.', 'images/prod_photo/spicy_basilico.jpg', 329, 379, 429, 5, 25),
(364, 'Margherita Piccante', 'A straightforward spicy Margherita with red pepper flakes.', 'images/prod_photo/margherita_piccante.jpg', 329, 379, 429, 5, 25),
(365, 'Calabrese Margherita', 'Margherita with spicy Calabrian chili paste for distinctive flavor.', 'images/prod_photo/calabrese_margherita.jpg', 329, 379, 429, 5, 25),
(366, 'Arrabbiata Margherita', 'Inspired by spicy \"angry\" sauce with chili peppers and garlic.', 'images/prod_photo/arrabbiata_margherita.jpg', 329, 379, 429, 5, 25),
(367, 'Volcanic Margherita', 'Extra-spicy Margherita with a mix of fiery ingredients.', 'images/prod_photo/volcanic_margherita.jpg', 329, 379, 429, 5, 25),
(368, 'Margherita with Hot Honey', 'A drizzle of sweet and spicy hot honey for a complex flavor.', 'images/prod_photo/margherita_hot_honey.jpg', 329, 379, 429, 5, 25),
(369, 'Fiery Margherita', 'Bold Margherita with a significant spicy kick.', 'images/prod_photo/fiery_margherita.jpg', 329, 379, 429, 5, 25),
(370, 'Margherita Red Pepper', 'Simple Margherita with red pepper flakes for heat.', 'images/prod_photo/margherita_red_pepper.jpg', 329, 379, 429, 5, 25),
(371, 'Margherita Jalapeño', 'Margherita topped with fresh or pickled jalapeños.', 'images/prod_photo/margherita_jalapeno.jpg', 339, 389, 439, 5, 25),
(372, 'Margherita con Peperoncino', 'Classic Margherita with crushed red pepper flakes.', 'images/prod_photo/margherita_peperoncino.jpg', 339, 389, 439, 5, 25),
(373, 'Margherita with Hot Peppers', 'Pizza with a mix of hot peppers for extra heat.', 'images/prod_photo/margherita_hot_peppers.jpg', 339, 389, 439, 5, 25),
(374, 'Margherita Chili Blast', 'Pizza loaded with chili peppers and spicy sauce.', 'images/prod_photo/margherita_chili_blast.jpg', 339, 389, 439, 5, 25),
(375, 'Margherita Onion & Chili', 'Classic combo of onion and chili for a spicy flavor.', 'images/prod_photo/margherita_onion_chili.jpg', 339, 389, 439, 5, 25),
(376, 'Classic Margherita Slice', 'The essential slice with tomato sauce, mozzarella, and fresh basil.', 'images/prod_photo/classic_margherita_slice.jpg', 339, 389, 439, 5, 26),
(377, 'Basilico Fresco Slice', 'A slice highlighting the vibrant flavor of fresh basil.', 'images/prod_photo/basilico_fresco_slice.jpg', 339, 389, 439, 5, 26),
(378, 'Simply Veg Slice', 'A straightforward Margherita with a couple of added simple veggie toppings.', 'images/prod_photo/simply_veg_slice.jpg', 339, 389, 439, 5, 26),
(379, 'Pomodoro & Mozzarella Slice', 'Focuses on the simple, core ingredients.', 'images/prod_photo/pomodoro_mozzarella_slice.jpg', 339, 389, 439, 5, 26),
(380, 'The Tricolore Slice', 'Named after the three colors of the Italian flag.', 'images/prod_photo/the_tricolore_slice.jpg', 339, 389, 439, 5, 26),
(381, 'Herb Garden Slice', 'A Margherita slice with an assortment of fresh herbs.', 'images/prod_photo/herb_garden_slice.jpg', 339, 389, 439, 5, 26),
(382, 'Cherry Tomato & Basil Slice', 'Uses sweet cherry tomatoes instead of a sauce base.', 'images/prod_photo/cherry_tomato_basil_slice.jpg', 339, 389, 439, 5, 26),
(383, 'Margherita Rustica Slice', 'A rustic slice with chunky tomatoes and fresh basil.', 'images/prod_photo/margherita_rustica_slice.jpg', 339, 389, 439, 5, 26),
(384, 'Roasted Garlic Margherita Slice', 'Adds the rich, sweet flavor of roasted garlic cloves.', 'images/prod_photo/roasted_garlic_margherita_slice.jpg', 339, 389, 439, 5, 26),
(385, 'Spinach Margherita Slice', 'A simple addition of sautéed spinach for a nutritious twist.', 'images/prod_photo/spinach_margherita_slice.jpg', 339, 389, 439, 5, 26),
(386, 'Margherita with Rucola Slice', 'A classic slice topped with fresh, peppery arugula after baking.', 'images/prod_photo/margherita_with_rucola_slice.jpg', 339, 389, 439, 5, 26),
(387, 'Margherita with Olives Slice', 'Adds the briny flavor of black olives.', 'images/prod_photo/margherita_with_olives_slice.jpg', 339, 389, 439, 5, 26),
(388, 'Margherita Ortolana Slice', 'A \"gardener\'s\" slice with grilled zucchini and eggplant.', 'images/prod_photo/margherita_ortolana_slice.jpg', 339, 389, 439, 5, 26),
(389, 'Margherita Pesto Swirl Slice', 'A simple slice with a swirl of fresh basil pesto.', 'images/prod_photo/margherita_pesto_swirl_slice.jpg', 339, 389, 439, 5, 26),
(390, 'Caprese Slice', 'Features fresh mozzarella, sliced tomatoes, and basil.', 'images/prod_photo/caprese_slice.jpg', 339, 389, 439, 5, 26),
(391, 'Garlic Cheese Pull', 'A straightforward name emphasizing the gooey, stretchy cheese inside.', 'images/prod_photo/garlic_cheese_pull.jpg', 299, 349, 399, 6, 27),
(392, 'Four Cheese Garlic Dream', 'A rich blend of four cheeses, such as mozzarella, provolone, parmesan, and cheddar.', 'images/prod_photo/four_cheese_garlic_dream.jpg', 299, 349, 399, 6, 27),
(393, 'Mozzarella Meltdown', 'Highlights the satisfying, melted mozzarella cheese.', 'images/prod_photo/mozzarella_meltdown.jpg', 299, 349, 399, 6, 27),
(394, 'Ricotta Garlic Twist', 'Stuffed with a creamy, rich ricotta and herb filling.', 'images/prod_photo/ricotta_garlic_twist.jpg', 299, 349, 399, 6, 27),
(395, 'Creamy Garlic Heaven', 'Uses a blend of cream cheese and herbs for a smooth, creamy center.', 'images/prod_photo/creamy_garlic_heaven.jpg', 299, 349, 399, 6, 27),
(396, 'Smoked Provolone Garlic Loaf', 'Adds a smoky flavor to the cheesy filling.', 'images/prod_photo/smoked_provolone_garlic_loaf.jpg', 299, 349, 399, 6, 27),
(397, 'Ultimate Cheese Stuffer', 'A pizza with an abundance of cheese and a cheesy-stuffed crust.', 'images/prod_photo/ultimate_cheese_stuffer.jpg', 299, 349, 399, 6, 27),
(398, 'Garlic Knot Cheese Ball', 'A cheesy, stuffed version of a classic garlic knot.', 'images/prod_photo/garlic_knot_cheese_ball.jpg', 299, 349, 399, 6, 27),
(399, 'Garlic Parmesan Breadstick', 'A stuffed breadstick with a filling of parmesan and herbs.', 'images/prod_photo/garlic_parmesan_breadstick.jpg', 299, 349, 399, 6, 27),
(400, 'Cheesy Garlic Surprise', 'A fun and descriptive name for a cheese-stuffed bread.', 'images/prod_photo/cheesy_garlic_surprise.jpg', 299, 349, 399, 6, 27),
(401, 'Jalapeño Popper Bread', 'Inspired by the classic appetizer, with a creamy, spicy jalapeño and cream cheese filling.', 'images/prod_photo/jalapeno_popper_bread.jpg', 299, 349, 399, 6, 27),
(402, 'Spicy Chorizo Stuffer', 'Features spicy chorizo (or vegetarian chorizo) and cheese inside.', 'images/prod_photo/spicy_chorizo_stuffer.jpg', 299, 349, 399, 6, 27),
(403, 'Fiery Pepperoni Burst', 'Filled with pepperoni, mozzarella, and a spicy kick.', 'images/prod_photo/fiery_pepperoni_burst.jpg', 299, 349, 399, 6, 27),
(404, 'Arrabbiata Garlic Roll', 'A spicy tomato sauce, chili flakes, and cheese filling.', 'images/prod_photo/arrabbiata_garlic_roll.jpg', 299, 349, 399, 6, 27),
(405, 'Habanero Heat Wave', 'For a truly spicy garlic bread, with habanero-infused cheese.', 'images/prod_photo/habanero_heat_wave1.jpg', 299, 349, 399, 6, 27),
(406, 'Chocolate Fudge Cake', 'A rich, moist chocolate cake with a dense, fudge-like frosting.', 'images/prod_photo/chocolate_fudge_cake.jpg', 399, 449, 499, 7, 28),
(407, 'Red Velvet Cake', 'A buttermilk-based cake with subtle cocoa flavor and a vibrant red hue, topped with cream cheese frosting.', 'images/prod_photo/red_velvet_cake.jpg', 399, 449, 499, 7, 28),
(408, 'Carrot Cake', 'A spiced, moist cake with grated carrots, often including walnuts or pecans, topped with cream cheese frosting.', 'images/prod_photo/carrot_cake.jpg', 399, 449, 499, 7, 28),
(409, 'Black Forest Cake', 'A German chocolate cake layered with whipped cream and cherries, often with a cherry brandy soak.', 'images/prod_photo/black_forest_cake.jpg', 399, 449, 499, 7, 28),
(410, 'New York Cheesecake', 'A dense, creamy, and smooth cheesecake with a buttery graham cracker crust.', 'images/prod_photo/new_york_cheesecake.jpg', 399, 449, 499, 7, 28),
(411, 'Angel Food Cake', 'A very light, airy cake made with egg whites, flour, and sugar, often served with fruit.', 'images/prod_photo/angel_food_cake.jpg', 399, 449, 499, 7, 28),
(412, 'Pound Cake', 'A dense, buttery, and moist cake traditionally made with a pound each of flour, butter, eggs, and sugar.', 'images/prod_photo/pound_cake.jpg', 399, 449, 499, 7, 28),
(413, 'Pineapple Upside-Down Cake', 'A single-layer cake with pineapple rings and cherries caramelized on the bottom.', 'images/prod_photo/pineapple_upside_down_cake.jpg', 399, 449, 499, 7, 28),
(414, 'Coffee Cake', 'A moist cake, often with a streusel or crumb topping, and typically served with coffee.', 'images/prod_photo/coffee_cake.jpg', 399, 449, 499, 7, 28),
(415, 'German Chocolate Cake', 'A chocolate cake known for its decadent coconut-pecan frosting.', 'images/prod_photo/german_chocolate_cake.jpg', 399, 449, 499, 7, 28),
(416, 'Banana Layer Cake', 'A moist banana cake with caramel icing and a hint of spice.', 'images/prod_photo/banana_layer_cake.jpg', 399, 449, 499, 7, 28),
(417, 'Coconut Cake', 'A cake permeated with coconut flavor, from the cake layers to the coconut filling and frosting.', 'images/prod_photo/coconut_cake.jpg', 399, 449, 499, 7, 28),
(418, 'Italian Cream Cake', 'A buttermilk-based cake with coconut and pecans, frosted with a tangy cream cheese icing.', 'images/prod_photo/italian_cream_cake.jpg', 399, 449, 499, 7, 28),
(419, 'Hummingbird Cake', 'A dense, moist spice cake with bananas, pineapple, and pecans, topped with cream cheese frosting.', 'images/prod_photo/hummingbird_cake.jpg', 399, 449, 499, 7, 28),
(420, 'Boston Cream Pie', 'A two-layer sponge cake filled with custard or cream filling and topped with a chocolate glaze.', 'images/prod_photo/boston_cream_pie.jpg', 399, 449, 499, 7, 28),
(421, 'Molten Chocolate Lava Cake', 'A classic molten chocolate cake with a gooey, warm center.', 'images/prod_photo/molten_chocolate_lava_cake.jpg', 349, 399, 449, 7, 29),
(422, 'Chocolate Fondant', 'A rich French-style chocolate cake with a molten center.', 'images/prod_photo/chocolate_fondant.jpg', 349, 399, 449, 7, 29),
(423, 'Chocolate Molleaux', 'French term meaning \"soft chocolate\", tender exterior with gooey inside.', 'images/prod_photo/chocolate_molleaux.jpg', 349, 399, 449, 7, 29),
(424, 'Volcano Cake', 'A fun molten chocolate cake that erupts chocolate when cut.', 'images/prod_photo/volcano_cake.jpg', 349, 399, 449, 7, 29),
(425, 'Chocolate Lava Surprise', 'A chocolate cake with a hidden molten center waiting to be discovered.', 'images/prod_photo/chocolate_lava_surprise.jpg', 349, 399, 449, 7, 29),
(426, 'Red Velvet Royale', 'A classic red velvet cupcake with cream cheese frosting and a touch of elegance.', 'images/prod_photo/red_velvet_royale.jpg', 299, 349, 399, 7, 30),
(427, 'Chocolate Fudge Delight', 'A rich chocolate cupcake with dense fudge frosting for chocolate lovers.', 'images/prod_photo/chocolate_fudge_delight1.jpg', 299, 349, 399, 7, 30),
(428, 'Lemon Zest Zing', 'Bright citrusy lemon cupcake with a tangy lemon curd filling.', 'images/prod_photo/lemon_zest_zing.jpg', 299, 349, 399, 7, 30),
(429, 'Vanilla Bean Dream', 'Simple yet elegant vanilla cupcake featuring real vanilla bean paste.', 'images/prod_photo/vanilla_bean_dream.jpg', 299, 349, 399, 7, 30),
(430, 'Salted Caramel Swirl', 'Moist cupcake with a salted caramel center and caramel frosting.', 'images/prod_photo/salted_caramel_swirl.jpg', 299, 349, 399, 7, 30),
(431, 'Vanilla Velvet', 'A simple and elegant name for the classic vanilla softy.', 'images/prod_photo/vanilla_velvet.jpg', 199, 219, 239, 7, 31),
(432, 'Chocolate Cloud', 'A light, fluffy chocolate soft-serve that\'s a dream for chocolate lovers.', 'images/prod_photo/chocolate_cloud.jpg', 199, 219, 239, 7, 31),
(433, 'Strawberry Swirl', 'A delicate pink softy with a sweet strawberry flavor.', 'images/prod_photo/strawberry_swirl.jpg', 199, 219, 239, 7, 31),
(434, 'Butterscotch Bliss', 'A rich, buttery softy with a satisfying caramel flavor.', 'images/prod_photo/butterscotch_bliss.jpg', 199, 219, 239, 7, 31),
(435, 'Mango Tango', 'A sweet and tangy softy with a tropical mango flavor.', 'images/prod_photo/mango_tango1.jpg', 199, 219, 239, 7, 31),
(436, 'The Family Feast', 'Two large pizzas with classic toppings, garlic bread, and a large bottle of soda.', 'images/prod_photo/family_feast.jpg', 1499, 1499, 1499, 8, 32),
(437, 'Party Pack Classic', 'Two medium pizzas, stuffed garlic bread, and two soft drinks.', 'images/prod_photo/party_pack_classic.jpg', 1299, 1299, 1299, 8, 32),
(438, 'Pizza Party Starter', 'One medium pizza, garlic breadsticks (x2), and dipping sauce.', 'images/prod_photo/pizza_party_starter.jpg', 999, 999, 999, 8, 32),
(439, 'The Ultimate Crowd-Pleaser', 'Two large signature pizzas, dessert pizza, two sides, and soda.', 'images/prod_photo/ultimate_crowd_pleaser.jpg', 1799, 1799, 1799, 8, 32),
(440, 'Combo Meal Extravaganza', 'Medium pizza, stuffed garlic bread, dessert pizza, and two soft drinks.', 'images/prod_photo/combo_meal_extravaganza.jpg', 1399, 1399, 1399, 8, 32),
(441, 'The Big Bite Combo', 'Extra-large pizza with three toppings, garlic bread, and large beverage.', 'images/prod_photo/big_bite_combo.jpg', 1599, 1599, 1599, 8, 32),
(442, 'Gathering Greatness', 'Three medium pizzas with assorted toppings and loaded cheesy bread.', 'images/prod_photo/gathering_greatness.jpg', 1699, 1699, 1699, 8, 32),
(443, 'The Large Group Special', 'Three large pizzas, dessert pizza, stuffed garlic bread, and large beverage.', 'images/prod_photo/large_group_special.jpg', 1999, 1999, 1999, 8, 32),
(444, 'Mega Meal Deal', 'Two extra-large pizzas, two sides, and a large soda.', 'images/prod_photo/mega_meal_deal.jpg', 2199, 2199, 2199, 8, 32),
(445, 'The Supreme Gathering', 'Extra-large Veggie Supreme pizza, stuffed garlic bread, and potato wedges.', 'images/prod_photo/supreme_gathering.jpg', 1899, 1899, 1899, 8, 32),
(446, 'Pizza Palooza Pack', 'Two medium pizzas, garlic breadsticks, and two soft drinks.', 'images/prod_photo/pizza_palooza_pack.jpg', 1399, 1399, 1399, 8, 32),
(447, 'The Feastival Combo', 'Two large pizzas with mixed toppings, dessert pizza, and two sides.', 'images/prod_photo/feastival_combo.jpg', 1599, 1599, 1599, 8, 32),
(448, 'The Blockbuster Bundle', 'Two medium pizzas, cheesy garlic bread, and two drinks/shakes.', 'images/prod_photo/blockbuster_bundle.jpg', 1299, 1299, 1299, 8, 32),
(449, 'Game Night Grub', 'Extra-large pizza with toppings, stuffed garlic bread, and large beverage.', 'images/prod_photo/game_night_grub.jpg', 1499, 1499, 1499, 8, 32),
(450, 'The Binge-Watchers Box', 'Medium specialty pizza, loaded potato wedges, and two soft drinks.', 'images/prod_photo/binge_watchers_box.jpg', 1199, 1199, 1199, 8, 32),
(451, 'Solo Margherita', 'The simple, timeless pleasure of a personal Margherita pizza with a side.', 'images/prod_photo/solo_margherita.jpg', 349, 449, 549, 8, 33),
(452, 'The Classic Bite', 'A small classic pizza with one topping and a cold drink.', 'images/prod_photo/classic_bite.jpg', 359, 459, 559, 8, 33),
(453, 'My Pizza, My Way', 'A personal pizza with a customizable topping and a soft drink.', 'images/prod_photo/my_pizza_my_way.jpg', 369, 469, 569, 8, 33),
(454, 'Just for One', 'A straightforward combo of a personal pizza and your choice of beverage.', 'images/prod_photo/just_for_one.jpg', 349, 449, 549, 8, 33),
(455, 'The Lone Ranger', 'A classic pizza, a side of breadsticks, and a drink, perfect for a quiet night in.', 'images/prod_photo/lone_ranger.jpg', 379, 479, 579, 8, 33),
(456, 'The Original Solo', 'A simple and satisfying personal pizza with a classic topping and a shake.', 'images/prod_photo/original_solo.jpg', 359, 459, 559, 8, 33),
(457, 'My Go-To Meal', 'A reliable and quick meal option with a personal pizza and a drink.', 'images/prod_photo/my_go_to_meal.jpg', 349, 449, 549, 8, 33),
(458, 'Single & Ready to Mingle', 'A playful name for a personal-sized pizza and a side salad.', 'images/prod_photo/single_ready_to_mingle.jpg', 369, 469, 569, 8, 33),
(459, 'The Me-Time Treat', 'An indulgent pizza for one, with a dessert included.', 'images/prod_photo/me_time_treat.jpg', 399, 499, 599, 8, 33),
(460, 'The Solo Slicer', 'A personal pizza with a side of garlic bread and a cold drink.', 'images/prod_photo/solo_slicer.jpg', 359, 459, 559, 8, 33),
(461, 'Express Lunch', 'A fast and easy combo with a personal pizza and a side of your choice.', 'images/prod_photo/express_lunch.jpg', 349, 449, 549, 8, 33),
(462, 'The Quick Fix', 'Perfect for a quick, satisfying meal with a small pizza and a drink.', 'images/prod_photo/quick_fix.jpg', 339, 439, 539, 8, 33),
(463, 'Grab & Go', 'A combo of a personal pizza and a bottled drink, for a meal on the move.', 'images/prod_photo/grab_go.jpg', 329, 429, 529, 8, 33),
(464, 'The Office Break', 'A personal pizza, a side salad, and a soft drink for a quick office lunch.', 'images/prod_photo/office_break.jpg', 349, 449, 549, 8, 33),
(465, 'The Mid-Day Refuel', 'A personal pizza and a drink to get you through the rest of the day.', 'images/prod_photo/midday_refuel.jpg', 339, 439, 539, 8, 33),
(466, 'The Grand Inaugural Feast', 'A classic and elegant name for a special launch event. Includes: appetizer, soup/salad, personal gourmet pizza, dessert, and a drink.', 'images/prod_photo/grand_inaugural_feast.jpg', 699, 799, 899, 8, 34),
(467, 'The Chefs Launch Voyage', 'A curated dining experience highlighting the chefs specialties. Includes: unique starter, specialized salad, gourmet signature pizza, dessert, and beverage.', 'images/prod_photo/chefs_launch_voyage.jpg', 719, 819, 919, 8, 34),
(468, 'The Pizza Paradise Progressive', 'A progressive meal that moves through different flavor profiles, all pizza-centric. Includes: bruschetta-style pizza bread starter, green salad, gourmet pizza, dessert pizza slice, and a drink.', 'images/prod_photo/pizza_paradise_progressive.jpg', 729, 829, 929, 8, 34),
(469, 'The Five-Sensation Sampler', 'A feast designed to excite all five senses with varied textures and flavors. Includes: crunchy starter, refreshing soup, savory pizza, sweet dessert, and a cool drink.', 'images/prod_photo/five_sensation_sampler.jpg', 739, 839, 939, 8, 34),
(470, 'The Culinary Premiere', 'A sophisticated name for a premium, inaugural meal. Includes: gourmet appetizer, rich soup, personal deluxe pizza, fine dessert, and beverage.', 'images/prod_photo/culinary_premiere.jpg', 749, 849, 949, 8, 34),
(471, 'The Gastronomic Gala', 'A theatrical and indulgent meal for a special occasion. Includes: appetizer, salad, creative pizza, dessert, and drink.', 'images/prod_photo/gastronomic_gala.jpg', 759, 859, 959, 8, 34),
(472, 'The Grand Pizza Tour', 'A culinary journey through various pizza styles and Italian flavors. Includes: appetizer, Italian-dressed salad, gourmet pizza, dessert pizza, and drink.', 'images/prod_photo/grand_pizza_tour.jpg', 769, 869, 969, 8, 34),
(473, 'The Taste of the Town Launch', 'A launch meal celebrating local flavors or a new taste sensation. Includes: local-inspired starter, fresh salad, signature gourmet pizza, dessert, and unique beverage.', 'images/prod_photo/taste_of_the_town_launch.jpg', 779, 879, 979, 8, 34),
(474, 'The Inaugural Platter', 'A communal, platter-style feast for the launch. Includes: shared appetizer platter, large salad, large pizza for sharing, dessert platter, and large drink.', 'images/prod_photo/inaugural_platter.jpg', 799, 899, 999, 8, 34),
(475, 'The Launch Legacy', 'A premium meal that sets the standard for future offerings. Includes: premium appetizer, soup, high-end gourmet pizza, deluxe dessert, and craft beverage.', 'images/prod_photo/launch_legacy.jpg', 809, 909, 1009, 8, 34),
(476, 'Margherita Burger', 'A patty topped with fresh mozzarella, tomato, and basil, on a rustic Italian bun.', 'images/prod_photo/margherita_burger.jpg', 359, 409, 459, 8, 35),
(477, 'Pesto Perfection Burger', 'A patty with a pesto sauce base, mozzarella, and roasted peppers.', 'images/prod_photo/pesto_perfection_burger.jpg', 369, 419, 469, 8, 35),
(478, 'Rustic Italiano', 'Features a hearty patty with sundried tomatoes, provolone, and arugula.', 'images/prod_photo/rustic_italiano1.jpg', 379, 429, 479, 8, 35),
(479, 'Caprese Burger', 'Inspired by the classic salad, with fresh mozzarella, tomato, basil, and a balsamic glaze.', 'images/prod_photo/caprese_burger.jpg', 369, 419, 469, 8, 35),
(480, 'Bruschetta Burger', 'A burger with a garlic-infused base, topped with bruschetta mix, and mozzarella.', 'images/prod_photo/bruschetta_burger.jpg', 359, 409, 459, 8, 35),
(481, 'Polenta Patty Burger', 'Uses a crispy fried polenta patty, with mozzarella, and a robust marinara sauce.', 'images/prod_photo/polenta_patty_burger.jpg', 369, 419, 469, 8, 35),
(482, 'Italian Garlic Melt', 'A patty topped with extra cheese, roasted garlic, and Italian herbs.', 'images/prod_photo/italian_garlic_melt.jpg', 379, 429, 479, 8, 35),
(483, 'El Cheesy Clásico', 'A simple yet delicious patty with melted Mexican cheese blend, lettuce, and tomato.', 'images/prod_photo/el_cheesy_clasico.jpg', 349, 399, 449, 8, 35),
(484, 'Jalapeño Popper Burger', 'A patty topped with a creamy, spicy jalapeno and cream cheese mixture.', 'images/prod_photo/jalapeno_popper_burger.jpg', 359, 409, 459, 8, 35),
(485, 'Smoky Chipotle Burger', 'A burger with a smoky and spicy chipotle sauce base, corn, and a mix of cheese.', 'images/prod_photo/smoky_chipotle_burger.jpg', 369, 419, 469, 8, 35),
(486, 'Avocado Cream Dream', 'A patty topped with fresh avocado slices and a creamy, tangy cilantro-lime sauce.', 'images/prod_photo/avocado_cream_dream1.jpg', 379, 429, 479, 8, 35),
(487, 'Salsa Verde Burger', 'A tangy and spicy burger with a tomatillo and salsa verde base and cheese.', 'images/prod_photo/salsa_verde_burger.jpg', 369, 419, 469, 8, 35),
(488, 'Mexican Fiesta Burger', 'A vibrant patty with black beans, corn, onions, and spicy Mexican seasoning.', 'images/prod_photo/mexican_fiesta_burger.jpg', 379, 429, 479, 8, 35),
(489, 'Elote Caliente Burger', 'A street corn-inspired burger with roasted corn, cotija cheese, chili powder, and a lime drizzle.', 'images/prod_photo/elote_caliente_burger.jpg', 389, 439, 489, 8, 35),
(490, 'Habanero Heat Wave', 'A fiery burger with a habanero-infused sauce, cheese, and roasted peppers.', 'images/prod_photo/habanero_heat_wave2.jpg', 399, 449, 499, 8, 35),
(491, 'Pasta Caprese', 'Penne pasta with fresh mozzarella, cherry tomatoes, and basil, tossed in a light olive oil dressing.', 'images/prod_photo/pasta_caprese1.jpg', 359, 409, 459, 8, 36),
(492, 'Pesto Perfection', 'Fusilli pasta with a fresh basil pesto sauce, sundried tomatoes, and parmesan cheese.', 'images/prod_photo/pesto_perfection1.jpg', 369, 419, 469, 8, 36),
(493, 'Rustic Italiano', 'A hearty pasta dish with rustic marinara sauce, roasted garlic, and a medley of vegetables.', 'images/prod_photo/rustic_italiano2.jpg', 369, 419, 469, 8, 36),
(494, 'Ricotta Ravioli Rustica', 'Cheese-filled ravioli with a simple, rustic tomato sauce, topped with fresh basil.', 'images/prod_photo/ricotta_ravioli_rustica1.jpg', 379, 429, 479, 8, 36),
(495, 'Creamy Mushroom and Herb', 'Fettuccine pasta in a creamy mushroom and herb sauce, with a hint of garlic.', 'images/prod_photo/creamy_mushroom_herb1.jpg', 379, 429, 479, 8, 36),
(496, 'Polenta Pasta Bake', 'Baked polenta-based pasta with a rich marinara sauce and a cheesy topping.', 'images/prod_photo/polenta_pasta_bake1.jpg', 389, 439, 489, 8, 36),
(497, 'Zucchini and Garlic Linguine', 'Linguine pasta tossed with fresh zucchini, roasted garlic, and olive oil.', 'images/prod_photo/zucchini_garlic_linguine.jpg1', 369, 419, 469, 8, 36),
(498, 'Taco Pasta Supreme', 'Pasta shells with a cheesy, taco-seasoned tomato sauce, black beans, corn, and topped with a mix of salsa and sour cream.', 'images/prod_photo/taco_pasta_supreme1.jpg', 369, 419, 469, 8, 36),
(499, 'Smoky Chipotle Fiesta', 'Penne pasta tossed in a creamy, smoky chipotle sauce with roasted peppers, onions, and black beans.', 'images/prod_photo/smoky_chipotle_fiesta1.jpg', 379, 429, 479, 8, 36),
(500, 'Salsa Verde Penne', 'Penne pasta with a tangy and spicy salsa verde (tomatillo) sauce, topped with cotija cheese and fresh cilantro.', 'images/prod_photo/salsa_verde_penne1.jpg', 369, 419, 469, 8, 36),
(501, 'Jalapeño Popper Pasta Bake', 'A baked pasta dish with a creamy, spicy jalapeño and cream cheese sauce, topped with crunchy breadcrumbs.', 'images/prod_photo/jalapeno_popper_pasta_bake1.jpg', 379, 429, 479, 8, 36),
(502, 'Mexican Street Corn Mac', 'A creamy mac and cheese with roasted corn, cotija cheese, chili powder, and lime zest.', 'images/prod_photo/mexican_street_corn_mac1.jpg', 379, 429, 479, 8, 36),
(503, 'Fajita Pasta', 'Linguine or fettuccine pasta with sautéed onions, bell peppers, and Mexican spices, tossed in a creamy sauce.', 'images/prod_photo/fajita_pasta1.jpg', 379, 429, 479, 8, 36),
(504, 'Avocado Cream Dream', 'A pasta dish with a creamy avocado-lime sauce, topped with diced tomatoes and fresh cilantro.', 'images/prod_photo/avocado_cream_dream2.jpg', 369, 419, 469, 8, 36),
(505, 'Enchilada Pasta Bake', 'A baked pasta with a rich enchilada sauce, layered with corn tortillas, cheese, and a medley of vegetables.', 'images/prod_photo/enchilada_pasta_bake1.jpg', 389, 439, 489, 8, 36),
(506, 'Mini Margherita Bites', 'The simple classic with tomato sauce, mozzarella, and fresh basil, in a mini cup.', 'images/prod_photo/mini_margherita_bites.jpg', 199, 229, 249, 8, 37),
(507, 'Pizza Party Starters', 'A fun name for a crowd-pleasing and easy-to-eat appetizer.', 'images/prod_photo/pizza_party_starters.jpg', 199, 229, 249, 8, 37),
(508, 'Cheesy Bread Bomb', 'Melted, gooey cheese center in a pizza cup.', 'images/prod_photo/cheesy_bread_bomb.jpg', 209, 239, 259, 8, 37),
(509, 'The Pizza Cupcake Classic', 'Traditional, tomato-based pizza cup.', 'images/prod_photo/the_pizza_cupcake_classic.jpg', 199, 229, 249, 8, 37),
(510, 'Mini Mushroom & Onion', 'A savory cup with mushrooms, onions, and cheese.', 'images/prod_photo/mini_mushroom_onion.jpg', 209, 239, 259, 8, 37),
(511, 'Rustic Pizza Cups', 'Hearty, rustic-style pizza cupcake with chunky tomato sauce.', 'images/prod_photo/rustic_pizza_cups.jpg', 219, 249, 269, 8, 37),
(512, 'The Pizza Muffin', 'Muffin-style savory pizza cup.', 'images/prod_photo/the_pizza_muffin.jpg', 219, 249, 269, 8, 37),
(513, 'Garlic Herb Bread Cup', 'Savory cup with garlic-herb crust and cheesy center.', 'images/prod_photo/garlic_herb_bread_cup.jpg', 219, 249, 269, 8, 37),
(514, 'Pizza Bites', 'Small, bite-sized pizza cupcakes.', 'images/prod_photo/pizza_bites.jpg', 199, 229, 249, 8, 37),
(515, 'Cupcake Caprese', 'Inspired by classic Italian salad with mozzarella, cherry tomatoes, and basil.', 'images/prod_photo/cupcake_caprese.jpg', 209, 239, 259, 8, 37),
(516, 'Veggie Supreme Mini', 'Loaded with bell peppers, onions, olives, and mushrooms.', 'images/prod_photo/veggie_supreme_mini.jpg', 229, 259, 279, 8, 6),
(517, 'Loaded Pizza Cups', 'Pizza cupcake packed with toppings.', 'images/prod_photo/loaded_pizza_cups.jpg', 239, 269, 289, 8, 37),
(518, 'Supreme Overload Bites', 'Loaded veggie supreme pizza flavor in cupcake size.', 'images/prod_photo/supreme_overload_bites.jpg', 239, 269, 289, 8, 37),
(519, 'The Works Pizza Cup', 'Pizza cupcake with all veggie toppings.', 'images/prod_photo/the_works_pizza_cup.jpg', 249, 279, 299, 8, 37),
(520, 'Pizza Feast Cup', 'Indulgent, loaded pizza cupcake mini feast.', 'images/prod_photo/pizza_feast_cup.jpg', 249, 279, 299, 8, 37),
(521, 'Tandoori Paneer Mini', 'Fusion with tandoori-marinated paneer and creamy sauce.', 'images/prod_photo/tandoori_paneer_mini.jpg', 239, 269, 289, 8, 37),
(522, 'Mexican Fiesta Cup', 'Black bean base, corn, onions, and spicy Mexican cheese.', 'images/prod_photo/mexican_fiesta_cup.jpg', 239, 269, 289, 8, 37),
(523, 'Pesto Perfection Cup', 'Pesto base with mozzarella and tomatoes.', 'images/prod_photo/pesto_perfection_cup.jpg', 239, 269, 289, 8, 37),
(524, 'Spinach and Feta Sensation', 'Spinach, feta cheese, Mediterranean flavor.', 'images/prod_photo/spinach_feta_sensation.jpg', 239, 269, 289, 8, 37),
(525, 'BBQ Paneer Bites', 'Smoky BBQ sauce base, vegetarian chicken, and cheese.', 'images/prod_photo/bbq_paneer_bites.jpg', 239, 269, 289, 8, 37),
(526, 'Mini Margherita Cone', 'The simple classic with tomato sauce, mozzarella, and basil.', 'images/prod_photo/mini_margherita_cone.jpg', 199, 229, 249, 8, 38),
(527, 'The Classic Cone', 'Straightforward, no-fuss pizza cone with classic toppings.', 'images/prod_photo/the_classic_cone.jpg', 199, 229, 249, 8, 38),
(528, 'Cheesy Cone', 'A simple yet delicious cone with a melted cheese filling.', 'images/prod_photo/cheesy_cone.jpg', 199, 229, 249, 8, 38),
(529, 'Veggie Delight Cone', 'Mix of fresh, simple veggies like onions and peppers.', 'images/prod_photo/veggie_delight_cone.jpg', 209, 239, 259, 8, 38),
(530, 'Farm Fresh Cone', 'Cone with classic farmhouse vegetables like corn, olives, and mushrooms.', 'images/prod_photo/farm_fresh_cone.jpg', 209, 239, 259, 8, 38),
(531, 'Plain Jane Pizza Cone', 'No-frills option with just sauce and cheese.', 'images/prod_photo/plain_jane_pizza_cone.jpg', 199, 229, 249, 8, 38),
(532, 'The Original Cone', 'Essential pizza cone with classic tomato sauce base.', 'images/prod_photo/the_original_cone.jpg', 199, 229, 249, 8, 38),
(533, 'Golden Corn Cone', 'Highlights the sweet and simple flavor of golden corn.', 'images/prod_photo/golden_corn_cone.jpg', 209, 239, 259, 8, 38),
(534, 'Veggie Supreme Cone', 'Cone loaded with bell peppers, onions, olives, and mushrooms.', 'images/prod_photo/veggie_supreme_cone.jpg', 229, 259, 279, 8, 38),
(535, 'Supreme Overload Cone', 'Loaded veggie supreme pizza flavor in convenient cone format.', 'images/prod_photo/supreme_overload_cone.jpg', 239, 269, 289, 8, 38),
(536, 'Pizza Feast Cone', 'Indulgent, loaded pizza cone for a mini feast.', 'images/prod_photo/pizza_feast_cone.jpg', 239, 269, 289, 8, 38),
(537, 'The Works Cone', 'Pizza cone that has \"the works\" or all veggie toppings.', 'images/prod_photo/the_works_cone.jpg', 249, 279, 299, 8, 7),
(538, 'Loaded Pizza Cone', 'Pizza cone packed with toppings.', 'images/prod_photo/loaded_pizza_cone.jpg', 239, 269, 289, 8, 38),
(539, 'Overloaded Veggie Cone', 'Cone with extra-generous amount of fresh vegetables.', 'images/prod_photo/overloaded_veggie_cone.jpg', 239, 269, 289, 8, 38),
(540, 'Tandoori Paneer Cone', 'Indian-inspired fusion with tandoori-marinated paneer and creamy sauce.', 'images/prod_photo/tandoori_paneer_cone.jpg', 239, 269, 289, 8, 38),
(541, 'Mexican Fiesta Cone', 'Black bean base, corn, onions, and spicy Mexican cheese.', 'images/prod_photo/mexican_fiesta_cone.jpg', 239, 269, 289, 8, 38),
(542, 'Pesto Perfection Cone', 'Flavorful pesto base with mozzarella and tomatoes.', 'images/prod_photo/pesto_perfection_cone.jpg', 239, 269, 289, 8, 38),
(543, 'Spinach and Feta Cone', 'Savory cone with spinach, feta cheese, Mediterranean flavor.', 'images/prod_photo/spinach_feta_cone.jpg', 239, 269, 289, 8, 38),
(544, 'BBQ Paneer Cone', 'Smoky BBQ sauce base, vegetarian chicken, and cheese topping.', 'images/prod_photo/bbq_paneer_cone.jpg', 239, 269, 289, 8, 38),
(545, 'Spicy Peri-Peri Paneer Cone', 'Fiery fusion with Peri-Peri spiced paneer and colorful veggies.', 'images/prod_photo/spicy_peri_peri_paneer_cone.jpg', 239, 269, 289, 8, 38),
(546, 'Mini Pizzetta Margherita', 'A classic bite-sized Margherita with fresh mozzarella, tomato, and basil.', 'images/prod_photo/mini_pizzetta_margherita.jpg', 199, 229, 249, 8, 39),
(547, 'Caprese Mini', 'Mini pizza with fresh mozzarella, cherry tomatoes, basil, and balsamic glaze.', 'images/prod_photo/caprese_mini.jpg', 199, 229, 249, 8, 39),
(548, 'Pesto Mini', 'Flavorful mini pizza with pesto sauce base, mozzarella, and sundried tomatoes.', 'images/prod_photo/pesto_mini.jpg', 199, 229, 249, 8, 39),
(549, 'Rustic Italiano Mini', 'Hearty mini pizza with rustic marinara sauce and roasted vegetables.', 'images/prod_photo/rustic_italiano_mini.jpg', 209, 239, 259, 8, 39),
(550, 'Mini Funghi', 'Earthy mini pizza with mushrooms, garlic, and mozzarella.', 'images/prod_photo/mini_funghi.jpg', 209, 239, 259, 8, 39),
(551, 'Garlic & Herb Mini', 'Simple and savory mini pizza with garlic-infused oil and Italian herbs.', 'images/prod_photo/garlic_herb_mini.jpg', 199, 229, 249, 8, 39),
(552, 'Mini Ortolana', 'Gardeners mini pizza with a mix of grilled vegetables.', 'images/prod_photo/mini_ortolana.jpg', 209, 239, 259, 8, 398),
(553, 'Tricolore Mini', 'Colorful mini pizza named after Italian flag with tomato, mozzarella, and basil.', 'images/prod_photo/tricolore_mini.jpg', 209, 239, 259, 8, 39),
(554, 'Mexican Fiesta Mini', 'Vibrant mini pizza with black beans, corn, onions, and spicy Mexican cheese.', 'images/prod_photo/mexican_fiesta_mini.jpg', 229, 259, 279, 8, 39),
(555, 'Jalapeño Popper Mini', 'Cheesy and spicy mini pizza with cream cheese base, jalapeños, and cheese.', 'images/prod_photo/jalapeno_popper_mini.jpg', 229, 259, 279, 8, 39),
(556, 'Classic Cola', 'The timeless and essential companion to any pizza.', 'images/prod_photo/classic_cola.jpg', 49, 59, 69, 9, 40),
(557, 'Zesty Lemonade', 'Refreshing, tangy lemonade that cuts through the richness of cheese.', 'images/prod_photo/zesty_lemonade.jpg', 59, 69, 79, 9, 40),
(558, 'Iced Tea Cooler', 'Cool, classic iced tea, perfect for a casual meal.', 'images/prod_photo/iced_tea_cooler.jpg', 59, 69, 79, 9, 40),
(559, 'Berry Bliss Smoothie', 'Simple and sweet blend of mixed berries.', 'images/prod_photo/berry_bliss_smoothie.jpg', 69, 79, 89, 9, 40),
(560, 'Lemon Lime Fizz', 'Zesty and effervescent soda that complements the savory pizza.', 'images/prod_photo/lemon_lime_fizz.jpg', 59, 69, 79, 9, 40),
(561, 'Orange Crush', 'Classic orange soda for a sweet and tangy pairing.', 'images/prod_photo/orange_crush.jpg', 59, 69, 79, 9, 40),
(562, 'Mango Tango', 'Sweet and tropical mango shake popular in India.', 'images/prod_photo/mango_tango2.jpg', 79, 89, 99, 9, 40),
(563, 'Strawberry Swirl Shake', 'Creamy and delightful strawberry shake.', 'images/prod_photo/strawberry_swirl_shake.jpg', 79, 89, 99, 9, 40),
(564, 'Tropical Breeze', 'Refreshing blend of tropical fruit juices like pineapple and orange.', 'images/prod_photo/tropical_breeze.jpg', 79, 89, 99, 9, 40),
(565, 'Watermelon Fresca', 'Light, refreshing, and natural watermelon drink.', 'images/prod_photo/watermelon_fresca.jpg', 69, 79, 89, 9, 40),
(566, 'Classic Black Coffee', 'The straightforward, simple pleasure of a traditional black coffee.', 'images/prod_photo/classic_black_coffee.jpg', 79, 89, 99, 9, 41),
(567, 'Iced Coffee Cooler', 'A crisp, cold, and refreshing iced coffee, perfect for a meal.', 'images/prod_photo/iced_coffee_cooler.jpg', 89, 99, 109, 9, 41),
(568, 'Americano After-Slice', 'The smooth and balanced flavor of an Americano to follow your pizza.', 'images/prod_photo/americano_after_slice.jpg', 89, 99, 109, 9, 41),
(569, 'Espresso Shot', 'A powerful, concentrated shot of espresso for a quick lift.', 'images/prod_photo/espresso_shot.jpg', 79, 89, 99, 9, 41),
(570, 'Cappuccino Cream', 'The frothy, creamy delight of a cappuccino to cap off your meal.', 'images/prod_photo/cappuccino_cream.jpg', 99, 109, 119, 9, 41),
(571, 'Iced Latte Lift', 'A chilled and smooth latte for a creamy, cool finish.', 'images/prod_photo/iced_latte_lift.jpg', 99, 109, 119, 9, 41),
(572, 'Flat White Finish', 'A smooth, velvety flat white to provide a mellow end to your pizza.', 'images/prod_photo/flat_white_finish.jpg', 99, 109, 119, 9, 41),
(573, 'Mocha Melt', 'The delicious blend of chocolate and coffee for a decadent treat.', 'images/prod_photo/mocha_melt.jpg', 119, 129, 139, 9, 41),
(574, 'Pizza Perk-Up (Ristretto)', 'A short, concentrated, and flavorful shot of espresso for a quick boost.', 'images/prod_photo/pizza_perkup_ristretto.jpg', 89, 99, 109, 9, 41),
(575, 'The Lunchtime Lift (Doppio)', 'A double shot of espresso for an extra kick of energy.', 'images/prod_photo/lunchtime_lift_doppio.jpg', 99, 109, 119, 9, 41),
(576, 'Strawberry Banana Bliss', 'A timeless combination of sweet strawberries and creamy banana.', 'images/prod_photo/strawberry_banana_bliss.jpg', 149, 159, 169, 9, 42),
(577, 'Berry Blast', 'A vibrant and refreshing medley of mixed berries.', 'images/prod_photo/berry_blast.jpg', 149, 159, 169, 9, 42),
(578, 'Mango Tango', 'A tropical and tangy smoothie that\'s like a taste of paradise.', 'images/prod_photo/mango_tango.jpg', 149, 159, 169, 9, 42),
(579, 'Peachy Keen', 'A sweet and simple peach-flavored smoothie that\'s delightfully refreshing.', 'images/prod_photo/peachy_keen.jpg', 149, 159, 169, 9, 42),
(580, 'Tropical Twist', 'A blend of tropical fruits like mango, pineapple, and banana.', 'images/prod_photo/tropical_twist.jpg', 149, 159, 169, 9, 42);
INSERT INTO `product_master_tbl` (`prod_id`, `prod_name`, `prod_description`, `prod_photo`, `price_small`, `price_medium`, `price_large`, `cat_id`, `sub_cat_id`) VALUES
(581, 'Cookies and Cream Crush', 'A creamy smoothie with crushed cookies blended in for a classic flavor.', 'images/prod_photo/cookies_and_cream_crush.jpg', 169, 179, 189, 9, 42),
(582, 'Chocolate Fudge Delight', 'A rich and chocolatey smoothie that\'s a perfect dessert.', 'images/prod_photo/chocolate_fudge_delight.jpg', 169, 179, 189, 9, 42),
(583, 'Nutty Butter Dream', 'A thick, satisfying smoothie with peanut butter, banana, and chocolate.', 'images/prod_photo/nutty_butter_dream.jpg', 169, 179, 189, 9, 42),
(584, 'Oreo Overload', 'A decadent smoothie packed with Oreo cookies and a creamy vanilla base.', 'images/prod_photo/oreo_overload.jpg', 169, 179, 189, 9, 42),
(585, 'Mocha Madness', 'A coffee-flavored smoothie blended with rich chocolate for an indulgent treat.', 'images/prod_photo/mocha_madness.jpg', 169, 179, 189, 9, 42);

-- --------------------------------------------------------

--
-- Table structure for table `review_master_tbl`
--

CREATE TABLE `review_master_tbl` (
  `review_id` int(5) NOT NULL,
  `review_message` varchar(250) NOT NULL,
  `prod_id` int(5) DEFAULT NULL,
  `review_photo` varchar(150) DEFAULT NULL,
  `review_date` varchar(50) DEFAULT NULL,
  `user_id` int(5) DEFAULT NULL
) ENGINE=InnoDB DEFAULT CHARSET=utf8mb4;

--
-- Dumping data for table `review_master_tbl`
--

INSERT INTO `review_master_tbl` (`review_id`, `review_message`, `prod_id`, `review_photo`, `review_date`, `user_id`) VALUES
(12, 'nice pizza....', 32, 'images/review_photo/user_2.jpg', '2025-10-04', 2),
(13, 'nice...', 22, 'images/review_photo/user_1.jpg', '2025-10-04', 1),
(14, 'testy tomato slice..', 55, 'images/review_photo/user_3.jpg', '2025-10-04', 3),
(15, 'super cheesey pizza', 25, 'images/review_photo/user_4.jpg', '2025-10-04', 4),
(16, 'onion toppings are good ..', 83, 'images/review_photo/user_5.jpg', '2025-10-04', 5),
(17, 'hmm .testy mushrooms ..', 43, 'images/review_photo/user_6.jpg', '2025-10-04', 6),
(18, 'nice mini tomatos..', 56, 'images/review_photo/user_7.jpg', '2025-10-04', 7),
(19, 'nice eggplant, ricotta salata, and basil.pizza', 41, 'images/review_photo/user_8.jpg', '2025-10-04', 8),
(20, 'nice mozzarella pizza\r\n', 3, 'images/review_photo/user_9.jpg', '2025-10-04', 9),
(21, 'good with mild stracchino cheese.', 59, 'images/review_photo/user_10.jpg', '2025-10-04', 10),
(22, 'so testy creamy buffalo mozzarella. ', 12, 'images/review_photo/user_11.jpg', '2025-10-04', 11),
(23, 'so spicy ..', 77, 'images/review_photo/user_12.jpg', '2025-10-04', 12),
(24, 'nice creation with assorted seasonal vegetables.', 38, 'images/review_photo/user_13.jpg', '2025-10-04', 13),
(25, 'so spicy rocket and Grana Padano', 15, 'images/review_photo/user_14.jpg', '2025-10-04', 14),
(26, 'nice black olives and chili flakes.', 82, 'images/review_photo/user_15.jpg', '2025-10-04', 15),
(27, 'nice and testy.. zucchini blossoms ', 45, 'images/review_photo/user_1.jpg', '2025-10-04', 1),
(28, 'nice', 45, 'images/review_photo/user_1.jpg', '2025-10-04', 1),
(29, 'Nice product!', 1, 'images/review_photo/user_1.jpg', '2025-10-04', 1),
(30, 'Good quality!', 1, 'images/review_photo/user_2.jpg', '2025-10-04', 2),
(31, 'Loved it!', 2, 'images/review_photo/user_3.jpg', '2025-10-04', 3),
(32, 'Highly recommend!', 2, 'images/review_photo/user_4.jpg', '2025-10-04', 4),
(33, 'Very satisfied!', 3, 'images/review_photo/user_5.jpg', '2025-10-04', 5),
(34, 'Nice product!', 3, 'images/review_photo/user_6.jpg', '2025-10-04', 6),
(35, 'Good quality!', 4, 'images/review_photo/user_7.jpg', '2025-10-04', 7),
(36, 'Loved it!', 4, 'images/review_photo/user_8.jpg', '2025-10-04', 8),
(37, 'Highly recommend!', 5, 'images/review_photo/user_9.jpg', '2025-10-04', 9),
(38, 'Very satisfied!', 5, 'images/review_photo/user_10.jpg', '2025-10-04', 10),
(39, 'Nice product!', 6, 'images/review_photo/user_11.jpg', '2025-10-04', 11),
(40, 'Good quality!', 6, 'images/review_photo/user_12.jpg', '2025-10-04', 12),
(41, 'Loved it!', 7, 'images/review_photo/user_13.jpg', '2025-10-04', 13),
(42, 'Highly recommend!', 7, 'images/review_photo/user_14.jpg', '2025-10-04', 14),
(43, 'Very satisfied!', 8, 'images/review_photo/user_15.jpg', '2025-10-04', 15),
(44, 'Nice product!', 8, 'images/review_photo/user_1.jpg', '2025-10-04', 1),
(45, 'Good quality!', 9, 'images/review_photo/user_2.jpg', '2025-10-04', 2),
(46, 'Loved it!', 9, 'images/review_photo/user_3.jpg', '2025-10-04', 3),
(47, 'Highly recommend!', 10, 'images/review_photo/user_4.jpg', '2025-10-04', 4),
(48, 'Very satisfied!', 10, 'images/review_photo/user_5.jpg', '2025-10-04', 5),
(49, 'Nice product!', 11, 'images/review_photo/user_6.jpg', '2025-10-04', 6),
(50, 'Good quality!', 11, 'images/review_photo/user_7.jpg', '2025-10-04', 7),
(51, 'Loved it!', 12, 'images/review_photo/user_8.jpg', '2025-10-04', 8),
(52, 'Highly recommend!', 12, 'images/review_photo/user_9.jpg', '2025-10-04', 9),
(53, 'Very satisfied!', 13, 'images/review_photo/user_10.jpg', '2025-10-04', 10),
(54, 'Nice product!', 13, 'images/review_photo/user_11.jpg', '2025-10-04', 11),
(55, 'Good quality!', 14, 'images/review_photo/user_12.jpg', '2025-10-04', 12),
(56, 'Loved it!', 14, 'images/review_photo/user_13.jpg', '2025-10-04', 13),
(57, 'Highly recommend!', 15, 'images/review_photo/user_14.jpg', '2025-10-04', 14),
(58, 'Very satisfied!', 15, 'images/review_photo/user_15.jpg', '2025-10-04', 15),
(59, 'Nice product!', 15, 'images/review_photo/user_1.jpg', '2025-10-04', 1),
(60, 'Nice product!', 31, 'images/review_photo/user_1.jpg', '2025-10-04', 1),
(61, 'Good quality!', 31, 'images/review_photo/user_2.jpg', '2025-10-04', 2),
(62, 'Loved it!', 32, 'images/review_photo/user_3.jpg', '2025-10-04', 3),
(63, 'Highly recommend!', 32, 'images/review_photo/user_4.jpg', '2025-10-04', 4),
(64, 'Very satisfied!', 33, 'images/review_photo/user_5.jpg', '2025-10-04', 5),
(65, 'Nice product!', 33, 'images/review_photo/user_6.jpg', '2025-10-04', 6),
(66, 'Good quality!', 34, 'images/review_photo/user_7.jpg', '2025-10-04', 7),
(67, 'Loved it!', 34, 'images/review_photo/user_8.jpg', '2025-10-04', 8),
(68, 'Highly recommend!', 35, 'images/review_photo/user_9.jpg', '2025-10-04', 9),
(69, 'Very satisfied!', 35, 'images/review_photo/user_10.jpg', '2025-10-04', 10),
(70, 'Nice product!', 36, 'images/review_photo/user_11.jpg', '2025-10-04', 11),
(71, 'Good quality!', 36, 'images/review_photo/user_12.jpg', '2025-10-04', 12),
(72, 'Loved it!', 37, 'images/review_photo/user_13.jpg', '2025-10-04', 13),
(73, 'Highly recommend!', 37, 'images/review_photo/user_14.jpg', '2025-10-04', 14),
(74, 'Very satisfied!', 38, 'images/review_photo/user_15.jpg', '2025-10-04', 15),
(75, 'Nice product!', 38, 'images/review_photo/user_1.jpg', '2025-10-04', 1),
(76, 'Good quality!', 39, 'images/review_photo/user_2.jpg', '2025-10-04', 2),
(77, 'Loved it!', 39, 'images/review_photo/user_3.jpg', '2025-10-04', 3),
(78, 'Highly recommend!', 40, 'images/review_photo/user_4.jpg', '2025-10-04', 4),
(79, 'Very satisfied!', 40, 'images/review_photo/user_5.jpg', '2025-10-04', 5),
(80, 'Nice product!', 41, 'images/review_photo/user_6.jpg', '2025-10-04', 6),
(81, 'Good quality!', 41, 'images/review_photo/user_7.jpg', '2025-10-04', 7),
(82, 'Loved it!', 42, 'images/review_photo/user_8.jpg', '2025-10-04', 8),
(83, 'Highly recommend!', 42, 'images/review_photo/user_9.jpg', '2025-10-04', 9),
(84, 'Very satisfied!', 43, 'images/review_photo/user_10.jpg', '2025-10-04', 10),
(85, 'Nice product!', 43, 'images/review_photo/user_11.jpg', '2025-10-04', 11),
(86, 'Good quality!', 44, 'images/review_photo/user_12.jpg', '2025-10-04', 12),
(87, 'Loved it!', 44, 'images/review_photo/user_13.jpg', '2025-10-04', 13),
(88, 'Highly recommend!', 45, 'images/review_photo/user_14.jpg', '2025-10-04', 14),
(89, 'Very satisfied!', 45, 'images/review_photo/user_15.jpg', '2025-10-04', 15),
(90, 'Nice product!', 46, 'images/review_photo/user_1.jpg', '2025-10-04', 1),
(91, 'Good quality!', 46, 'images/review_photo/user_2.jpg', '2025-10-04', 2),
(92, 'Loved it!', 47, 'images/review_photo/user_3.jpg', '2025-10-04', 3),
(93, 'Highly recommend!', 47, 'images/review_photo/user_4.jpg', '2025-10-04', 4),
(94, 'Very satisfied!', 48, 'images/review_photo/user_5.jpg', '2025-10-04', 5),
(95, 'Nice product!', 48, 'images/review_photo/user_6.jpg', '2025-10-04', 6),
(96, 'Good quality!', 49, 'images/review_photo/user_7.jpg', '2025-10-04', 7),
(97, 'Loved it!', 49, 'images/review_photo/user_8.jpg', '2025-10-04', 8),
(98, 'Highly recommend!', 50, 'images/review_photo/user_9.jpg', '2025-10-04', 9),
(99, 'Very satisfied!', 50, 'images/review_photo/user_10.jpg', '2025-10-04', 10),
(100, 'Nice product!', 51, 'images/review_photo/user_11.jpg', '2025-10-04', 11),
(101, 'Good quality!', 51, 'images/review_photo/user_12.jpg', '2025-10-04', 12),
(102, 'Loved it!', 52, 'images/review_photo/user_13.jpg', '2025-10-04', 13),
(103, 'Highly recommend!', 52, 'images/review_photo/user_14.jpg', '2025-10-04', 14),
(104, 'Very satisfied!', 53, 'images/review_photo/user_15.jpg', '2025-10-04', 15),
(105, 'Nice product!', 53, 'images/review_photo/user_1.jpg', '2025-10-04', 1),
(106, 'Good quality!', 54, 'images/review_photo/user_2.jpg', '2025-10-04', 2),
(107, 'Loved it!', 54, 'images/review_photo/user_3.jpg', '2025-10-04', 3),
(108, 'Highly recommend!', 55, 'images/review_photo/user_4.jpg', '2025-10-04', 4),
(109, 'Very satisfied!', 55, 'images/review_photo/user_5.jpg', '2025-10-04', 5),
(110, 'Nice product!', 56, 'images/review_photo/user_6.jpg', '2025-10-04', 6),
(111, 'Good quality!', 56, 'images/review_photo/user_7.jpg', '2025-10-04', 7),
(112, 'Loved it!', 57, 'images/review_photo/user_8.jpg', '2025-10-04', 8),
(113, 'Highly recommend!', 57, 'images/review_photo/user_9.jpg', '2025-10-04', 9),
(114, 'Very satisfied!', 58, 'images/review_photo/user_10.jpg', '2025-10-04', 10),
(115, 'Nice product!', 58, 'images/review_photo/user_11.jpg', '2025-10-04', 11),
(116, 'Good quality!', 59, 'images/review_photo/user_12.jpg', '2025-10-04', 12),
(117, 'Loved it!', 59, 'images/review_photo/user_13.jpg', '2025-10-04', 13),
(118, 'Highly recommend!', 60, 'images/review_photo/user_14.jpg', '2025-10-04', 14),
(119, 'Very satisfied!', 60, 'images/review_photo/user_15.jpg', '2025-10-04', 15),
(120, 'Nice product!', 61, 'images/review_photo/user_1.jpg', '2025-10-04', 1),
(121, 'Good quality!', 61, 'images/review_photo/user_2.jpg', '2025-10-04', 2),
(122, 'Loved it!', 62, 'images/review_photo/user_3.jpg', '2025-10-04', 3),
(123, 'Highly recommend!', 62, 'images/review_photo/user_4.jpg', '2025-10-04', 4),
(124, 'Very satisfied!', 63, 'images/review_photo/user_5.jpg', '2025-10-04', 5),
(125, 'Nice product!', 63, 'images/review_photo/user_6.jpg', '2025-10-04', 6),
(126, 'Good quality!', 64, 'images/review_photo/user_7.jpg', '2025-10-04', 7),
(127, 'Loved it!', 64, 'images/review_photo/user_8.jpg', '2025-10-04', 8),
(128, 'Highly recommend!', 65, 'images/review_photo/user_9.jpg', '2025-10-04', 9),
(129, 'Very satisfied!', 65, 'images/review_photo/user_10.jpg', '2025-10-04', 10),
(130, 'Nice product!', 66, 'images/review_photo/user_11.jpg', '2025-10-04', 11),
(131, 'Good quality!', 66, 'images/review_photo/user_12.jpg', '2025-10-04', 12),
(132, 'Loved it!', 67, 'images/review_photo/user_13.jpg', '2025-10-04', 13),
(133, 'Highly recommend!', 67, 'images/review_photo/user_14.jpg', '2025-10-04', 14),
(134, 'Very satisfied!', 68, 'images/review_photo/user_15.jpg', '2025-10-04', 15),
(135, 'Nice product!', 68, 'images/review_photo/user_1.jpg', '2025-10-04', 1),
(136, 'Good quality!', 69, 'images/review_photo/user_2.jpg', '2025-10-04', 2),
(137, 'Loved it!', 69, 'images/review_photo/user_3.jpg', '2025-10-04', 3),
(138, 'Highly recommend!', 70, 'images/review_photo/user_4.jpg', '2025-10-04', 4),
(139, 'Very satisfied!', 70, 'images/review_photo/user_5.jpg', '2025-10-04', 5),
(140, 'Nice product!', 41, 'images/review_photo/user_6.jpg', '2025-10-04', 6),
(141, 'Good quality!', 41, 'images/review_photo/user_7.jpg', '2025-10-04', 7),
(142, 'Loved it!', 42, 'images/review_photo/user_8.jpg', '2025-10-04', 8),
(143, 'Highly recommend!', 42, 'images/review_photo/user_9.jpg', '2025-10-04', 9),
(144, 'Very satisfied!', 43, 'images/review_photo/user_10.jpg', '2025-10-04', 10),
(145, 'Nice product!', 43, 'images/review_photo/user_11.jpg', '2025-10-04', 11),
(146, 'Good quality!', 44, 'images/review_photo/user_12.jpg', '2025-10-04', 12),
(147, 'Loved it!', 44, 'images/review_photo/user_13.jpg', '2025-10-04', 13),
(148, 'Highly recommend!', 45, 'images/review_photo/user_14.jpg', '2025-10-04', 14),
(149, 'Very satisfied!', 45, 'images/review_photo/user_15.jpg', '2025-10-04', 15),
(150, 'Nice product!', 46, 'images/review_photo/user_1.jpg', '2025-10-04', 1),
(151, 'Good quality!', 46, 'images/review_photo/user_2.jpg', '2025-10-04', 2),
(152, 'Loved it!', 47, 'images/review_photo/user_3.jpg', '2025-10-04', 3),
(153, 'Highly recommend!', 47, 'images/review_photo/user_4.jpg', '2025-10-04', 4),
(154, 'Very satisfied!', 48, 'images/review_photo/user_5.jpg', '2025-10-04', 5),
(155, 'Nice product!', 48, 'images/review_photo/user_6.jpg', '2025-10-04', 6),
(156, 'Good quality!', 49, 'images/review_photo/user_7.jpg', '2025-10-04', 7),
(157, 'Loved it!', 49, 'images/review_photo/user_8.jpg', '2025-10-04', 8),
(158, 'Highly recommend!', 50, 'images/review_photo/user_9.jpg', '2025-10-04', 9),
(159, 'Very satisfied!', 50, 'images/review_photo/user_10.jpg', '2025-10-04', 10),
(160, 'Nice product!', 51, 'images/review_photo/user_11.jpg', '2025-10-04', 11),
(161, 'Good quality!', 51, 'images/review_photo/user_12.jpg', '2025-10-04', 12),
(162, 'Loved it!', 52, 'images/review_photo/user_13.jpg', '2025-10-04', 13),
(163, 'Highly recommend!', 52, 'images/review_photo/user_14.jpg', '2025-10-04', 14),
(164, 'Very satisfied!', 53, 'images/review_photo/user_15.jpg', '2025-10-04', 15),
(165, 'Nice product!', 53, 'images/review_photo/user_1.jpg', '2025-10-04', 1),
(166, 'Good quality!', 54, 'images/review_photo/user_2.jpg', '2025-10-04', 2),
(167, 'Loved it!', 54, 'images/review_photo/user_3.jpg', '2025-10-04', 3),
(168, 'Highly recommend!', 55, 'images/review_photo/user_4.jpg', '2025-10-04', 4),
(169, 'Very satisfied!', 55, 'images/review_photo/user_5.jpg', '2025-10-04', 5),
(170, 'Nice product!', 56, 'images/review_photo/user_6.jpg', '2025-10-04', 6),
(171, 'Good quality!', 56, 'images/review_photo/user_7.jpg', '2025-10-04', 7),
(172, 'Loved it!', 57, 'images/review_photo/user_8.jpg', '2025-10-04', 8),
(173, 'Highly recommend!', 57, 'images/review_photo/user_9.jpg', '2025-10-04', 9),
(174, 'Very satisfied!', 58, 'images/review_photo/user_10.jpg', '2025-10-04', 10),
(175, 'Nice product!', 58, 'images/review_photo/user_11.jpg', '2025-10-04', 11),
(176, 'Good quality!', 59, 'images/review_photo/user_12.jpg', '2025-10-04', 12),
(177, 'Loved it!', 59, 'images/review_photo/user_13.jpg', '2025-10-04', 13),
(178, 'Highly recommend!', 60, 'images/review_photo/user_14.jpg', '2025-10-04', 14),
(179, 'Very satisfied!', 60, 'images/review_photo/user_15.jpg', '2025-10-04', 15),
(180, 'Nice product!', 61, 'images/review_photo/user_1.jpg', '2025-10-04', 1),
(181, 'Good quality!', 61, 'images/review_photo/user_2.jpg', '2025-10-04', 2),
(182, 'Loved it!', 62, 'images/review_photo/user_3.jpg', '2025-10-04', 3),
(183, 'Highly recommend!', 62, 'images/review_photo/user_4.jpg', '2025-10-04', 4),
(184, 'Very satisfied!', 63, 'images/review_photo/user_5.jpg', '2025-10-04', 5),
(185, 'Nice product!', 63, 'images/review_photo/user_6.jpg', '2025-10-04', 6),
(186, 'Good quality!', 64, 'images/review_photo/user_7.jpg', '2025-10-04', 7),
(187, 'Loved it!', 64, 'images/review_photo/user_8.jpg', '2025-10-04', 8),
(188, 'Highly recommend!', 65, 'images/review_photo/user_9.jpg', '2025-10-04', 9),
(189, 'Very satisfied!', 65, 'images/review_photo/user_10.jpg', '2025-10-04', 10),
(190, 'Nice product!', 66, 'images/review_photo/user_11.jpg', '2025-10-04', 11),
(191, 'Good quality!', 66, 'images/review_photo/user_12.jpg', '2025-10-04', 12),
(192, 'Loved it!', 67, 'images/review_photo/user_13.jpg', '2025-10-04', 13),
(193, 'Highly recommend!', 67, 'images/review_photo/user_14.jpg', '2025-10-04', 14),
(194, 'Very satisfied!', 68, 'images/review_photo/user_15.jpg', '2025-10-04', 15),
(195, 'Nice product!', 68, 'images/review_photo/user_1.jpg', '2025-10-04', 1),
(196, 'Good quality!', 69, 'images/review_photo/user_2.jpg', '2025-10-04', 2),
(197, 'Loved it!', 69, 'images/review_photo/user_3.jpg', '2025-10-04', 3),
(198, 'Highly recommend!', 70, 'images/review_photo/user_4.jpg', '2025-10-04', 4),
(199, 'Very satisfied!', 70, 'images/review_photo/user_5.jpg', '2025-10-04', 5),
(200, 'Nice product!', 71, 'images/review_photo/user_6.jpg', '2025-10-04', 6),
(201, 'Good quality!', 71, 'images/review_photo/user_7.jpg', '2025-10-04', 7),
(202, 'Loved it!', 72, 'images/review_photo/user_8.jpg', '2025-10-04', 8),
(203, 'Highly recommend!', 72, 'images/review_photo/user_9.jpg', '2025-10-04', 9),
(204, 'Very satisfied!', 73, 'images/review_photo/user_10.jpg', '2025-10-04', 10),
(205, 'Nice product!', 73, 'images/review_photo/user_11.jpg', '2025-10-04', 11),
(206, 'Good quality!', 74, 'images/review_photo/user_12.jpg', '2025-10-04', 12),
(207, 'Loved it!', 74, 'images/review_photo/user_13.jpg', '2025-10-04', 13),
(208, 'Highly recommend!', 75, 'images/review_photo/user_14.jpg', '2025-10-04', 14),
(209, 'Very satisfied!', 75, 'images/review_photo/user_15.jpg', '2025-10-04', 15),
(210, 'Nice product!', 76, 'images/review_photo/user_1.jpg', '2025-10-04', 1),
(211, 'Good quality!', 76, 'images/review_photo/user_2.jpg', '2025-10-04', 2),
(212, 'Loved it!', 77, 'images/review_photo/user_3.jpg', '2025-10-04', 3),
(213, 'Highly recommend!', 77, 'images/review_photo/user_4.jpg', '2025-10-04', 4),
(214, 'Very satisfied!', 78, 'images/review_photo/user_5.jpg', '2025-10-04', 5),
(215, 'Nice product!', 78, 'images/review_photo/user_6.jpg', '2025-10-04', 6),
(216, 'Good quality!', 79, 'images/review_photo/user_7.jpg', '2025-10-04', 7),
(217, 'Loved it!', 79, 'images/review_photo/user_8.jpg', '2025-10-04', 8),
(218, 'Highly recommend!', 80, 'images/review_photo/user_9.jpg', '2025-10-04', 9),
(219, 'Very satisfied!', 80, 'images/review_photo/user_10.jpg', '2025-10-04', 10),
(220, 'Nice product!', 81, 'images/review_photo/user_11.jpg', '2025-10-04', 11),
(221, 'Good quality!', 81, 'images/review_photo/user_12.jpg', '2025-10-04', 12),
(222, 'Loved it!', 82, 'images/review_photo/user_13.jpg', '2025-10-04', 13),
(223, 'Highly recommend!', 82, 'images/review_photo/user_14.jpg', '2025-10-04', 14),
(224, 'Very satisfied!', 83, 'images/review_photo/user_15.jpg', '2025-10-04', 15),
(225, 'Nice product!', 83, 'images/review_photo/user_1.jpg', '2025-10-04', 1),
(226, 'Good quality!', 84, 'images/review_photo/user_2.jpg', '2025-10-04', 2),
(227, 'Loved it!', 84, 'images/review_photo/user_3.jpg', '2025-10-04', 3),
(228, 'Highly recommend!', 85, 'images/review_photo/user_4.jpg', '2025-10-04', 4),
(229, 'Very satisfied!', 85, 'images/review_photo/user_5.jpg', '2025-10-04', 5),
(230, 'Nice product!', 86, 'images/review_photo/user_6.jpg', '2025-10-04', 6),
(231, 'Good quality!', 86, 'images/review_photo/user_7.jpg', '2025-10-04', 7),
(232, 'Loved it!', 87, 'images/review_photo/user_8.jpg', '2025-10-04', 8),
(233, 'Highly recommend!', 87, 'images/review_photo/user_9.jpg', '2025-10-04', 9),
(234, 'Very satisfied!', 88, 'images/review_photo/user_10.jpg', '2025-10-04', 10),
(235, 'Nice product!', 88, 'images/review_photo/user_11.jpg', '2025-10-04', 11),
(236, 'Good quality!', 89, 'images/review_photo/user_12.jpg', '2025-10-04', 12),
(237, 'Loved it!', 89, 'images/review_photo/user_13.jpg', '2025-10-04', 13),
(238, 'Highly recommend!', 90, 'images/review_photo/user_14.jpg', '2025-10-04', 14),
(239, 'Very satisfied!', 90, 'images/review_photo/user_15.jpg', '2025-10-04', 15),
(241, 'nice pizza...', 79, 'images/review_photo/user_1.jpg', '2025-10-06', 1),
(242, 'Good quality!', 91, 'images/review_photo/user_2.jpg', '2025-10-04', 2),
(243, 'Loved it!', 92, 'images/review_photo/user_3.jpg', '2025-10-04', 3),
(244, 'Highly recommend!', 92, 'images/review_photo/user_4.jpg', '2025-10-04', 4),
(245, 'Very satisfied!', 93, 'images/review_photo/user_5.jpg', '2025-10-04', 5),
(246, 'Nice product!', 93, 'images/review_photo/user_6.jpg', '2025-10-04', 6),
(247, 'Good quality!', 94, 'images/review_photo/user_7.jpg', '2025-10-04', 7),
(248, 'Loved it!', 94, 'images/review_photo/user_8.jpg', '2025-10-04', 8),
(249, 'Highly recommend!', 95, 'images/review_photo/user_9.jpg', '2025-10-04', 9),
(250, 'Very satisfied!', 95, 'images/review_photo/user_10.jpg', '2025-10-04', 10),
(251, 'Nice product!', 96, 'images/review_photo/user_11.jpg', '2025-10-04', 11),
(252, 'Good quality!', 96, 'images/review_photo/user_12.jpg', '2025-10-04', 12),
(253, 'Loved it!', 97, 'images/review_photo/user_13.jpg', '2025-10-04', 13),
(254, 'Highly recommend!', 97, 'images/review_photo/user_14.jpg', '2025-10-04', 14),
(255, 'Very satisfied!', 98, 'images/review_photo/user_15.jpg', '2025-10-04', 15),
(256, 'Nice product!', 98, 'images/review_photo/user_1.jpg', '2025-10-04', 1),
(257, 'Good quality!', 99, 'images/review_photo/user_2.jpg', '2025-10-04', 2),
(258, 'Loved it!', 99, 'images/review_photo/user_3.jpg', '2025-10-04', 3),
(259, 'Highly recommend!', 100, 'images/review_photo/user_4.jpg', '2025-10-04', 4),
(260, 'Very satisfied!', 100, 'images/review_photo/user_5.jpg', '2025-10-04', 5),
(261, 'Nice product!', 101, 'images/review_photo/user_6.jpg', '2025-10-04', 6),
(262, 'Good quality!', 101, 'images/review_photo/user_7.jpg', '2025-10-04', 7),
(263, 'Loved it!', 102, 'images/review_photo/user_8.jpg', '2025-10-04', 8),
(264, 'Highly recommend!', 102, 'images/review_photo/user_9.jpg', '2025-10-04', 9),
(265, 'Very satisfied!', 103, 'images/review_photo/user_10.jpg', '2025-10-04', 10),
(266, 'Nice product!', 103, 'images/review_photo/user_11.jpg', '2025-10-04', 11),
(267, 'Good quality!', 104, 'images/review_photo/user_12.jpg', '2025-10-04', 12),
(268, 'Loved it!', 104, 'images/review_photo/user_13.jpg', '2025-10-04', 13),
(269, 'Highly recommend!', 105, 'images/review_photo/user_14.jpg', '2025-10-04', 14),
(270, 'Very satisfied!', 105, 'images/review_photo/user_15.jpg', '2025-10-04', 15),
(271, 'Nice product!', 106, 'images/review_photo/user_1.jpg', '2025-10-04', 1),
(272, 'Good quality!', 106, 'images/review_photo/user_2.jpg', '2025-10-04', 2),
(273, 'Loved it!', 107, 'images/review_photo/user_3.jpg', '2025-10-04', 3),
(274, 'Highly recommend!', 107, 'images/review_photo/user_4.jpg', '2025-10-04', 4),
(275, 'Very satisfied!', 108, 'images/review_photo/user_5.jpg', '2025-10-04', 5),
(276, 'Nice product!', 108, 'images/review_photo/user_6.jpg', '2025-10-04', 6),
(277, 'Good quality!', 109, 'images/review_photo/user_7.jpg', '2025-10-04', 7),
(278, 'Loved it!', 109, 'images/review_photo/user_8.jpg', '2025-10-04', 8),
(279, 'Highly recommend!', 110, 'images/review_photo/user_9.jpg', '2025-10-04', 9),
(280, 'Very satisfied!', 110, 'images/review_photo/user_10.jpg', '2025-10-04', 10),
(281, 'Nice product!', 111, 'images/review_photo/user_11.jpg', '2025-10-04', 11),
(282, 'Good quality!', 111, 'images/review_photo/user_12.jpg', '2025-10-04', 12),
(283, 'Loved it!', 112, 'images/review_photo/user_13.jpg', '2025-10-04', 13),
(284, 'Highly recommend!', 112, 'images/review_photo/user_14.jpg', '2025-10-04', 14),
(285, 'Very satisfied!', 113, 'images/review_photo/user_15.jpg', '2025-10-04', 15),
(286, 'Nice product!', 113, 'images/review_photo/user_1.jpg', '2025-10-04', 1),
(287, 'Good quality!', 114, 'images/review_photo/user_2.jpg', '2025-10-04', 2),
(288, 'Loved it!', 114, 'images/review_photo/user_3.jpg', '2025-10-04', 3),
(289, 'Highly recommend!', 115, 'images/review_photo/user_4.jpg', '2025-10-04', 4),
(290, 'Very satisfied!', 115, 'images/review_photo/user_5.jpg', '2025-10-04', 5),
(291, 'Nice product!', 116, 'images/review_photo/user_6.jpg', '2025-10-04', 6),
(292, 'Nice product!', 91, 'images/review_photo/user_1.jpg', '2025-10-04', 1),
(293, 'Good quality!', 91, 'images/review_photo/user_2.jpg', '2025-10-04', 2),
(294, 'Loved it!', 92, 'images/review_photo/user_3.jpg', '2025-10-04', 3),
(295, 'Highly recommend!', 92, 'images/review_photo/user_4.jpg', '2025-10-04', 4),
(296, 'Very satisfied!', 93, 'images/review_photo/user_5.jpg', '2025-10-04', 5),
(297, 'Nice product!', 93, 'images/review_photo/user_6.jpg', '2025-10-04', 6),
(298, 'Good quality!', 94, 'images/review_photo/user_7.jpg', '2025-10-04', 7),
(299, 'Loved it!', 94, 'images/review_photo/user_8.jpg', '2025-10-04', 8),
(300, 'Highly recommend!', 95, 'images/review_photo/user_9.jpg', '2025-10-04', 9),
(301, 'Very satisfied!', 95, 'images/review_photo/user_10.jpg', '2025-10-04', 10),
(302, 'Nice product!', 96, 'images/review_photo/user_11.jpg', '2025-10-04', 11),
(303, 'Good quality!', 96, 'images/review_photo/user_12.jpg', '2025-10-04', 12),
(304, 'Loved it!', 97, 'images/review_photo/user_13.jpg', '2025-10-04', 13),
(305, 'Highly recommend!', 97, 'images/review_photo/user_14.jpg', '2025-10-04', 14),
(306, 'Very satisfied!', 98, 'images/review_photo/user_15.jpg', '2025-10-04', 15),
(307, 'Nice product!', 98, 'images/review_photo/user_1.jpg', '2025-10-04', 1),
(308, 'Good quality!', 99, 'images/review_photo/user_2.jpg', '2025-10-04', 2),
(309, 'Loved it!', 99, 'images/review_photo/user_3.jpg', '2025-10-04', 3),
(310, 'Highly recommend!', 100, 'images/review_photo/user_4.jpg', '2025-10-04', 4),
(311, 'Very satisfied!', 100, 'images/review_photo/user_5.jpg', '2025-10-04', 5),
(312, 'Nice product!', 101, 'images/review_photo/user_6.jpg', '2025-10-04', 6),
(313, 'Good quality!', 101, 'images/review_photo/user_7.jpg', '2025-10-04', 7),
(314, 'Loved it!', 102, 'images/review_photo/user_8.jpg', '2025-10-04', 8),
(315, 'Highly recommend!', 102, 'images/review_photo/user_9.jpg', '2025-10-04', 9),
(316, 'Very satisfied!', 103, 'images/review_photo/user_10.jpg', '2025-10-04', 10),
(317, 'Nice product!', 103, 'images/review_photo/user_11.jpg', '2025-10-04', 11),
(318, 'Good quality!', 104, 'images/review_photo/user_12.jpg', '2025-10-04', 12),
(319, 'Loved it!', 104, 'images/review_photo/user_13.jpg', '2025-10-04', 13),
(320, 'Highly recommend!', 105, 'images/review_photo/user_14.jpg', '2025-10-04', 14),
(321, 'Very satisfied!', 105, 'images/review_photo/user_15.jpg', '2025-10-04', 15),
(322, 'Nice product!', 106, 'images/review_photo/user_1.jpg', '2025-10-04', 1),
(323, 'Good quality!', 106, 'images/review_photo/user_2.jpg', '2025-10-04', 2),
(324, 'Loved it!', 107, 'images/review_photo/user_3.jpg', '2025-10-04', 3),
(325, 'Highly recommend!', 107, 'images/review_photo/user_4.jpg', '2025-10-04', 4),
(326, 'Very satisfied!', 108, 'images/review_photo/user_5.jpg', '2025-10-04', 5),
(327, 'Nice product!', 108, 'images/review_photo/user_6.jpg', '2025-10-04', 6),
(328, 'Good quality!', 109, 'images/review_photo/user_7.jpg', '2025-10-04', 7),
(329, 'Loved it!', 109, 'images/review_photo/user_8.jpg', '2025-10-04', 8),
(330, 'Highly recommend!', 110, 'images/review_photo/user_9.jpg', '2025-10-04', 9),
(331, 'Very satisfied!', 110, 'images/review_photo/user_10.jpg', '2025-10-04', 10),
(332, 'Nice product!', 111, 'images/review_photo/user_11.jpg', '2025-10-04', 11),
(333, 'Good quality!', 111, 'images/review_photo/user_12.jpg', '2025-10-04', 12),
(334, 'Loved it!', 112, 'images/review_photo/user_13.jpg', '2025-10-04', 13),
(335, 'Highly recommend!', 112, 'images/review_photo/user_14.jpg', '2025-10-04', 14),
(336, 'Very satisfied!', 113, 'images/review_photo/user_15.jpg', '2025-10-04', 15),
(337, 'Nice product!', 113, 'images/review_photo/user_1.jpg', '2025-10-04', 1),
(338, 'Good quality!', 114, 'images/review_photo/user_2.jpg', '2025-10-04', 2),
(339, 'Loved it!', 114, 'images/review_photo/user_3.jpg', '2025-10-04', 3),
(340, 'Highly recommend!', 115, 'images/review_photo/user_4.jpg', '2025-10-04', 4),
(341, 'Very satisfied!', 115, 'images/review_photo/user_5.jpg', '2025-10-04', 5),
(342, 'Nice product!', 116, 'images/review_photo/user_6.jpg', '2025-10-04', 6),
(343, 'Good quality!', 116, 'images/review_photo/user_7.jpg', '2025-10-04', 7),
(344, 'Loved it!', 117, 'images/review_photo/user_8.jpg', '2025-10-04', 8),
(345, 'Highly recommend!', 117, 'images/review_photo/user_9.jpg', '2025-10-04', 9),
(346, 'Very satisfied!', 118, 'images/review_photo/user_10.jpg', '2025-10-04', 10),
(347, 'Nice product!', 118, 'images/review_photo/user_11.jpg', '2025-10-04', 11),
(348, 'Good quality!', 119, 'images/review_photo/user_12.jpg', '2025-10-04', 12),
(349, 'Loved it!', 119, 'images/review_photo/user_13.jpg', '2025-10-04', 13),
(350, 'Highly recommend!', 120, 'images/review_photo/user_14.jpg', '2025-10-04', 14),
(351, 'Very satisfied!', 120, 'images/review_photo/user_15.jpg', '2025-10-04', 15),
(352, 'Nice product!', 121, 'images/review_photo/user_1.jpg', '2025-10-04', 1),
(353, 'Good quality!', 121, 'images/review_photo/user_2.jpg', '2025-10-04', 2),
(354, 'Loved it!', 122, 'images/review_photo/user_3.jpg', '2025-10-04', 3),
(355, 'Highly recommend!', 122, 'images/review_photo/user_4.jpg', '2025-10-04', 4),
(356, 'Very satisfied!', 123, 'images/review_photo/user_5.jpg', '2025-10-04', 5),
(357, 'Nice product!', 123, 'images/review_photo/user_6.jpg', '2025-10-04', 6),
(358, 'Good quality!', 124, 'images/review_photo/user_7.jpg', '2025-10-04', 7),
(359, 'Loved it!', 124, 'images/review_photo/user_8.jpg', '2025-10-04', 8),
(360, 'Highly recommend!', 125, 'images/review_photo/user_9.jpg', '2025-10-04', 9),
(361, 'Very satisfied!', 125, 'images/review_photo/user_10.jpg', '2025-10-04', 10),
(362, 'Nice product!', 126, 'images/review_photo/user_11.jpg', '2025-10-04', 11),
(363, 'Good quality!', 126, 'images/review_photo/user_12.jpg', '2025-10-04', 12),
(364, 'Loved it!', 127, 'images/review_photo/user_13.jpg', '2025-10-04', 13),
(365, 'Highly recommend!', 127, 'images/review_photo/user_14.jpg', '2025-10-04', 14),
(366, 'Very satisfied!', 128, 'images/review_photo/user_15.jpg', '2025-10-04', 15),
(367, 'Nice product!', 128, 'images/review_photo/user_1.jpg', '2025-10-04', 1),
(368, 'Good quality!', 129, 'images/review_photo/user_2.jpg', '2025-10-04', 2),
(369, 'Loved it!', 129, 'images/review_photo/user_3.jpg', '2025-10-04', 3),
(370, 'Highly recommend!', 130, 'images/review_photo/user_4.jpg', '2025-10-04', 4),
(371, 'Very satisfied!', 130, 'images/review_photo/user_5.jpg', '2025-10-04', 5),
(372, 'Nice product!', 131, 'images/review_photo/user_6.jpg', '2025-10-04', 6),
(373, 'Good quality!', 131, 'images/review_photo/user_7.jpg', '2025-10-04', 7),
(374, 'Loved it!', 132, 'images/review_photo/user_8.jpg', '2025-10-04', 8),
(375, 'Highly recommend!', 132, 'images/review_photo/user_9.jpg', '2025-10-04', 9),
(376, 'Very satisfied!', 133, 'images/review_photo/user_10.jpg', '2025-10-04', 10),
(377, 'Nice product!', 133, 'images/review_photo/user_11.jpg', '2025-10-04', 11),
(378, 'Good quality!', 134, 'images/review_photo/user_12.jpg', '2025-10-04', 12),
(379, 'Loved it!', 134, 'images/review_photo/user_13.jpg', '2025-10-04', 13),
(380, 'Highly recommend!', 135, 'images/review_photo/user_14.jpg', '2025-10-04', 14),
(381, 'Very satisfied!', 135, 'images/review_photo/user_15.jpg', '2025-10-04', 15),
(382, 'Nice product!', 136, 'images/review_photo/user_1.jpg', '2025-10-04', 1),
(383, 'Good quality!', 136, 'images/review_photo/user_2.jpg', '2025-10-04', 2),
(384, 'Loved it!', 137, 'images/review_photo/user_3.jpg', '2025-10-04', 3),
(385, 'Highly recommend!', 137, 'images/review_photo/user_4.jpg', '2025-10-04', 4),
(386, 'Very satisfied!', 138, 'images/review_photo/user_5.jpg', '2025-10-04', 5),
(387, 'Nice product!', 138, 'images/review_photo/user_6.jpg', '2025-10-04', 6),
(388, 'Good quality!', 139, 'images/review_photo/user_7.jpg', '2025-10-04', 7),
(389, 'Loved it!', 139, 'images/review_photo/user_8.jpg', '2025-10-04', 8),
(390, 'Highly recommend!', 140, 'images/review_photo/user_9.jpg', '2025-10-04', 9),
(391, 'Very satisfied!', 140, 'images/review_photo/user_10.jpg', '2025-10-04', 10),
(392, 'Nice product!', 141, 'images/review_photo/user_11.jpg', '2025-10-04', 11),
(393, 'Good quality!', 141, 'images/review_photo/user_12.jpg', '2025-10-04', 12),
(394, 'Loved it!', 142, 'images/review_photo/user_13.jpg', '2025-10-04', 13),
(395, 'Highly recommend!', 142, 'images/review_photo/user_14.jpg', '2025-10-04', 14),
(396, 'Very satisfied!', 143, 'images/review_photo/user_15.jpg', '2025-10-04', 15),
(397, 'Nice product!', 143, 'images/review_photo/user_1.jpg', '2025-10-04', 1),
(398, 'Good quality!', 144, 'images/review_photo/user_2.jpg', '2025-10-04', 2),
(399, 'Loved it!', 144, 'images/review_photo/user_3.jpg', '2025-10-04', 3),
(400, 'Highly recommend!', 145, 'images/review_photo/user_4.jpg', '2025-10-04', 4),
(401, 'Very satisfied!', 145, 'images/review_photo/user_5.jpg', '2025-10-04', 5),
(402, 'Nice product!', 146, 'images/review_photo/user_6.jpg', '2025-10-04', 6),
(403, 'Good quality!', 146, 'images/review_photo/user_7.jpg', '2025-10-04', 7),
(404, 'Loved it!', 147, 'images/review_photo/user_8.jpg', '2025-10-04', 8),
(405, 'Highly recommend!', 147, 'images/review_photo/user_9.jpg', '2025-10-04', 9),
(406, 'Very satisfied!', 148, 'images/review_photo/user_10.jpg', '2025-10-04', 10),
(407, 'Nice product!', 148, 'images/review_photo/user_11.jpg', '2025-10-04', 11),
(408, 'Good quality!', 149, 'images/review_photo/user_12.jpg', '2025-10-04', 12),
(409, 'Loved it!', 149, 'images/review_photo/user_13.jpg', '2025-10-04', 13),
(410, 'Highly recommend!', 150, 'images/review_photo/user_14.jpg', '2025-10-04', 14),
(411, 'Very satisfied!', 150, 'images/review_photo/user_15.jpg', '2025-10-04', 15),
(412, 'Nice product!', 151, 'images/review_photo/user_1.jpg', '2025-10-04', 1),
(413, 'Good quality!', 151, 'images/review_photo/user_2.jpg', '2025-10-04', 2),
(414, 'Loved it!', 152, 'images/review_photo/user_3.jpg', '2025-10-04', 3),
(415, 'Highly recommend!', 152, 'images/review_photo/user_4.jpg', '2025-10-04', 4),
(416, 'Very satisfied!', 153, 'images/review_photo/user_5.jpg', '2025-10-04', 5),
(417, 'Nice product!', 153, 'images/review_photo/user_6.jpg', '2025-10-04', 6),
(418, 'Good quality!', 154, 'images/review_photo/user_7.jpg', '2025-10-04', 7),
(419, 'Loved it!', 154, 'images/review_photo/user_8.jpg', '2025-10-04', 8),
(420, 'Highly recommend!', 155, 'images/review_photo/user_9.jpg', '2025-10-04', 9),
(421, 'Very satisfied!', 155, 'images/review_photo/user_10.jpg', '2025-10-04', 10),
(422, 'Nice product!', 156, 'images/review_photo/user_11.jpg', '2025-10-04', 11),
(423, 'Good quality!', 156, 'images/review_photo/user_12.jpg', '2025-10-04', 12),
(424, 'Loved it!', 157, 'images/review_photo/user_13.jpg', '2025-10-04', 13),
(425, 'Highly recommend!', 157, 'images/review_photo/user_14.jpg', '2025-10-04', 14),
(426, 'Very satisfied!', 158, 'images/review_photo/user_15.jpg', '2025-10-04', 15),
(427, 'Nice product!', 158, 'images/review_photo/user_1.jpg', '2025-10-04', 1),
(428, 'Good quality!', 159, 'images/review_photo/user_2.jpg', '2025-10-04', 2),
(429, 'Loved it!', 159, 'images/review_photo/user_3.jpg', '2025-10-04', 3),
(430, 'Highly recommend!', 160, 'images/review_photo/user_4.jpg', '2025-10-04', 4),
(431, 'Very satisfied!', 160, 'images/review_photo/user_5.jpg', '2025-10-04', 5),
(432, 'Nice product!', 161, 'images/review_photo/user_6.jpg', '2025-10-04', 6),
(433, 'Good quality!', 161, 'images/review_photo/user_7.jpg', '2025-10-04', 7),
(434, 'Loved it!', 162, 'images/review_photo/user_8.jpg', '2025-10-04', 8),
(435, 'Highly recommend!', 162, 'images/review_photo/user_9.jpg', '2025-10-04', 9),
(436, 'Very satisfied!', 163, 'images/review_photo/user_10.jpg', '2025-10-04', 10),
(437, 'Nice product!', 163, 'images/review_photo/user_11.jpg', '2025-10-04', 11),
(438, 'Good quality!', 164, 'images/review_photo/user_12.jpg', '2025-10-04', 12),
(439, 'Loved it!', 164, 'images/review_photo/user_13.jpg', '2025-10-04', 13),
(440, 'Highly recommend!', 165, 'images/review_photo/user_14.jpg', '2025-10-04', 14),
(441, 'Very satisfied!', 165, 'images/review_photo/user_15.jpg', '2025-10-04', 15),
(442, 'Nice product!', 166, 'images/review_photo/user_1.jpg', '2025-10-04', 1),
(443, 'Good quality!', 166, 'images/review_photo/user_2.jpg', '2025-10-04', 2),
(444, 'Loved it!', 167, 'images/review_photo/user_3.jpg', '2025-10-04', 3),
(445, 'Highly recommend!', 167, 'images/review_photo/user_4.jpg', '2025-10-04', 4),
(446, 'Very satisfied!', 168, 'images/review_photo/user_5.jpg', '2025-10-04', 5),
(447, 'Nice product!', 168, 'images/review_photo/user_6.jpg', '2025-10-04', 6),
(448, 'Good quality!', 169, 'images/review_photo/user_7.jpg', '2025-10-04', 7),
(449, 'Loved it!', 169, 'images/review_photo/user_8.jpg', '2025-10-04', 8),
(450, 'Highly recommend!', 170, 'images/review_photo/user_9.jpg', '2025-10-04', 9),
(451, 'Very satisfied!', 170, 'images/review_photo/user_10.jpg', '2025-10-04', 10),
(452, 'Nice product!', 171, 'images/review_photo/user_11.jpg', '2025-10-04', 11),
(453, 'Good quality!', 171, 'images/review_photo/user_12.jpg', '2025-10-04', 12),
(454, 'Loved it!', 172, 'images/review_photo/user_13.jpg', '2025-10-04', 13),
(455, 'Highly recommend!', 172, 'images/review_photo/user_14.jpg', '2025-10-04', 14),
(456, 'Very satisfied!', 173, 'images/review_photo/user_15.jpg', '2025-10-04', 15),
(457, 'Nice product!', 173, 'images/review_photo/user_1.jpg', '2025-10-04', 1),
(458, 'Good quality!', 174, 'images/review_photo/user_2.jpg', '2025-10-04', 2),
(459, 'Loved it!', 174, 'images/review_photo/user_3.jpg', '2025-10-04', 3),
(460, 'Highly recommend!', 175, 'images/review_photo/user_4.jpg', '2025-10-04', 4),
(461, 'Very satisfied!', 175, 'images/review_photo/user_5.jpg', '2025-10-04', 5),
(462, 'Nice product!', 176, 'images/review_photo/user_6.jpg', '2025-10-04', 6),
(463, 'Good quality!', 176, 'images/review_photo/user_7.jpg', '2025-10-04', 7),
(464, 'Loved it!', 177, 'images/review_photo/user_8.jpg', '2025-10-04', 8),
(465, 'Highly recommend!', 177, 'images/review_photo/user_9.jpg', '2025-10-04', 9),
(466, 'Very satisfied!', 178, 'images/review_photo/user_10.jpg', '2025-10-04', 10),
(467, 'Nice product!', 178, 'images/review_photo/user_11.jpg', '2025-10-04', 11),
(468, 'Good quality!', 179, 'images/review_photo/user_12.jpg', '2025-10-04', 12),
(469, 'Loved it!', 179, 'images/review_photo/user_13.jpg', '2025-10-04', 13),
(470, 'Highly recommend!', 180, 'images/review_photo/user_14.jpg', '2025-10-04', 14),
(471, 'Very satisfied!', 180, 'images/review_photo/user_15.jpg', '2025-10-04', 15),
(472, 'Nice product!', 181, 'images/review_photo/user_1.jpg', '2025-10-04', 1),
(473, 'Good quality!', 181, 'images/review_photo/user_2.jpg', '2025-10-04', 2),
(474, 'Loved it!', 182, 'images/review_photo/user_3.jpg', '2025-10-04', 3),
(475, 'Highly recommend!', 182, 'images/review_photo/user_4.jpg', '2025-10-04', 4),
(476, 'Very satisfied!', 183, 'images/review_photo/user_5.jpg', '2025-10-04', 5),
(477, 'Nice product!', 183, 'images/review_photo/user_6.jpg', '2025-10-04', 6),
(478, 'Good quality!', 184, 'images/review_photo/user_7.jpg', '2025-10-04', 7),
(479, 'Loved it!', 184, 'images/review_photo/user_8.jpg', '2025-10-04', 8),
(480, 'Highly recommend!', 185, 'images/review_photo/user_9.jpg', '2025-10-04', 9),
(481, 'Very satisfied!', 185, 'images/review_photo/user_10.jpg', '2025-10-04', 10),
(482, 'Nice product!', 186, 'images/review_photo/user_11.jpg', '2025-10-04', 11),
(483, 'Good quality!', 186, 'images/review_photo/user_12.jpg', '2025-10-04', 12),
(484, 'Loved it!', 187, 'images/review_photo/user_13.jpg', '2025-10-04', 13),
(485, 'Highly recommend!', 187, 'images/review_photo/user_14.jpg', '2025-10-04', 14),
(486, 'Very satisfied!', 188, 'images/review_photo/user_15.jpg', '2025-10-04', 15),
(487, 'Nice product!', 188, 'images/review_photo/user_1.jpg', '2025-10-04', 1),
(488, 'Good quality!', 189, 'images/review_photo/user_2.jpg', '2025-10-04', 2),
(489, 'Loved it!', 189, 'images/review_photo/user_3.jpg', '2025-10-04', 3),
(490, 'Highly recommend!', 190, 'images/review_photo/user_4.jpg', '2025-10-04', 4),
(491, 'Very satisfied!', 190, 'images/review_photo/user_5.jpg', '2025-10-04', 5),
(492, 'Nice product!', 191, 'images/review_photo/user_6.jpg', '2025-10-04', 6),
(493, 'Good quality!', 191, 'images/review_photo/user_7.jpg', '2025-10-04', 7),
(494, 'Loved it!', 192, 'images/review_photo/user_8.jpg', '2025-10-04', 8),
(495, 'Highly recommend!', 192, 'images/review_photo/user_9.jpg', '2025-10-04', 9),
(496, 'Very satisfied!', 193, 'images/review_photo/user_10.jpg', '2025-10-04', 10),
(497, 'Nice product!', 193, 'images/review_photo/user_11.jpg', '2025-10-04', 11),
(498, 'Good quality!', 194, 'images/review_photo/user_12.jpg', '2025-10-04', 12),
(499, 'Loved it!', 194, 'images/review_photo/user_13.jpg', '2025-10-04', 13),
(500, 'Highly recommend!', 195, 'images/review_photo/user_14.jpg', '2025-10-04', 14),
(501, 'Very satisfied!', 195, 'images/review_photo/user_15.jpg', '2025-10-04', 15),
(502, 'Nice product!', 196, 'images/review_photo/user_1.jpg', '2025-10-04', 1),
(503, 'Good quality!', 196, 'images/review_photo/user_2.jpg', '2025-10-04', 2),
(504, 'Loved it!', 197, 'images/review_photo/user_3.jpg', '2025-10-04', 3),
(505, 'Highly recommend!', 197, 'images/review_photo/user_4.jpg', '2025-10-04', 4),
(506, 'Very satisfied!', 198, 'images/review_photo/user_5.jpg', '2025-10-04', 5),
(507, 'Nice product!', 198, 'images/review_photo/user_6.jpg', '2025-10-04', 6),
(508, 'Good quality!', 199, 'images/review_photo/user_7.jpg', '2025-10-04', 7),
(509, 'Loved it!', 199, 'images/review_photo/user_8.jpg', '2025-10-04', 8),
(510, 'Highly recommend!', 200, 'images/review_photo/user_9.jpg', '2025-10-04', 9),
(511, 'Very satisfied!', 200, 'images/review_photo/user_10.jpg', '2025-10-04', 10),
(512, 'Nice product!', 201, 'images/review_photo/user_11.jpg', '2025-10-04', 11),
(513, 'Good quality!', 201, 'images/review_photo/user_12.jpg', '2025-10-04', 12),
(514, 'Loved it!', 202, 'images/review_photo/user_13.jpg', '2025-10-04', 13),
(515, 'Highly recommend!', 202, 'images/review_photo/user_14.jpg', '2025-10-04', 14),
(516, 'Very satisfied!', 203, 'images/review_photo/user_15.jpg', '2025-10-04', 15),
(517, 'Nice product!', 203, 'images/review_photo/user_1.jpg', '2025-10-04', 1),
(518, 'Good quality!', 204, 'images/review_photo/user_2.jpg', '2025-10-04', 2),
(519, 'Loved it!', 204, 'images/review_photo/user_3.jpg', '2025-10-04', 3),
(520, 'Highly recommend!', 205, 'images/review_photo/user_4.jpg', '2025-10-04', 4),
(521, 'Very satisfied!', 205, 'images/review_photo/user_5.jpg', '2025-10-04', 5),
(522, 'Nice product!', 206, 'images/review_photo/user_6.jpg', '2025-10-04', 6),
(523, 'Good quality!', 206, 'images/review_photo/user_7.jpg', '2025-10-04', 7),
(524, 'Loved it!', 207, 'images/review_photo/user_8.jpg', '2025-10-04', 8),
(525, 'Highly recommend!', 207, 'images/review_photo/user_9.jpg', '2025-10-04', 9),
(526, 'Very satisfied!', 208, 'images/review_photo/user_10.jpg', '2025-10-04', 10),
(527, 'Nice product!', 208, 'images/review_photo/user_11.jpg', '2025-10-04', 11),
(528, 'Good quality!', 209, 'images/review_photo/user_12.jpg', '2025-10-04', 12),
(529, 'Loved it!', 209, 'images/review_photo/user_13.jpg', '2025-10-04', 13),
(530, 'Highly recommend!', 210, 'images/review_photo/user_14.jpg', '2025-10-04', 14),
(531, 'Very satisfied!', 210, 'images/review_photo/user_15.jpg', '2025-10-04', 15),
(532, 'Nice product!', 211, 'images/review_photo/user_1.jpg', '2025-10-04', 1),
(533, 'Good quality!', 211, 'images/review_photo/user_2.jpg', '2025-10-04', 2),
(534, 'Loved it!', 212, 'images/review_photo/user_3.jpg', '2025-10-04', 3),
(535, 'Highly recommend!', 212, 'images/review_photo/user_4.jpg', '2025-10-04', 4),
(536, 'Very satisfied!', 213, 'images/review_photo/user_5.jpg', '2025-10-04', 5),
(537, 'Nice product!', 213, 'images/review_photo/user_6.jpg', '2025-10-04', 6),
(538, 'Good quality!', 214, 'images/review_photo/user_7.jpg', '2025-10-04', 7),
(539, 'Loved it!', 214, 'images/review_photo/user_8.jpg', '2025-10-04', 8),
(540, 'Highly recommend!', 215, 'images/review_photo/user_9.jpg', '2025-10-04', 9),
(541, 'Very satisfied!', 215, 'images/review_photo/user_10.jpg', '2025-10-04', 10),
(542, 'Nice product!', 216, 'images/review_photo/user_11.jpg', '2025-10-04', 11),
(543, 'Good quality!', 216, 'images/review_photo/user_12.jpg', '2025-10-04', 12),
(544, 'Loved it!', 217, 'images/review_photo/user_13.jpg', '2025-10-04', 13),
(545, 'Highly recommend!', 217, 'images/review_photo/user_14.jpg', '2025-10-04', 14),
(546, 'Very satisfied!', 218, 'images/review_photo/user_15.jpg', '2025-10-04', 15),
(547, 'Nice product!', 218, 'images/review_photo/user_1.jpg', '2025-10-04', 1),
(548, 'Good quality!', 219, 'images/review_photo/user_2.jpg', '2025-10-04', 2),
(549, 'Loved it!', 219, 'images/review_photo/user_3.jpg', '2025-10-04', 3),
(550, 'Highly recommend!', 220, 'images/review_photo/user_4.jpg', '2025-10-04', 4),
(551, 'Very satisfied!', 220, 'images/review_photo/user_5.jpg', '2025-10-04', 5),
(552, 'Nice product!', 221, 'images/review_photo/user_6.jpg', '2025-10-04', 6),
(553, 'Good quality!', 221, 'images/review_photo/user_7.jpg', '2025-10-04', 7),
(554, 'Loved it!', 222, 'images/review_photo/user_8.jpg', '2025-10-04', 8),
(555, 'Highly recommend!', 222, 'images/review_photo/user_9.jpg', '2025-10-04', 9),
(556, 'Very satisfied!', 223, 'images/review_photo/user_10.jpg', '2025-10-04', 10),
(557, 'Nice product!', 223, 'images/review_photo/user_11.jpg', '2025-10-04', 11),
(558, 'Good quality!', 224, 'images/review_photo/user_12.jpg', '2025-10-04', 12),
(559, 'Loved it!', 224, 'images/review_photo/user_13.jpg', '2025-10-04', 13),
(560, 'Highly recommend!', 225, 'images/review_photo/user_14.jpg', '2025-10-04', 14),
(561, 'Very satisfied!', 225, 'images/review_photo/user_15.jpg', '2025-10-04', 15),
(562, 'Nice product!', 226, 'images/review_photo/user_1.jpg', '2025-10-04', 1),
(563, 'Good quality!', 226, 'images/review_photo/user_2.jpg', '2025-10-04', 2),
(564, 'Loved it!', 227, 'images/review_photo/user_3.jpg', '2025-10-04', 3),
(565, 'Highly recommend!', 227, 'images/review_photo/user_4.jpg', '2025-10-04', 4),
(566, 'Very satisfied!', 228, 'images/review_photo/user_5.jpg', '2025-10-04', 5),
(567, 'Nice product!', 228, 'images/review_photo/user_6.jpg', '2025-10-04', 6),
(568, 'Good quality!', 229, 'images/review_photo/user_7.jpg', '2025-10-04', 7),
(569, 'Loved it!', 229, 'images/review_photo/user_8.jpg', '2025-10-04', 8),
(570, 'Highly recommend!', 230, 'images/review_photo/user_9.jpg', '2025-10-04', 9),
(571, 'Very satisfied!', 230, 'images/review_photo/user_10.jpg', '2025-10-04', 10),
(572, 'Nice product!', 231, 'images/review_photo/user_11.jpg', '2025-10-04', 11),
(573, 'Good quality!', 231, 'images/review_photo/user_12.jpg', '2025-10-04', 12),
(574, 'Loved it!', 232, 'images/review_photo/user_13.jpg', '2025-10-04', 13),
(575, 'Highly recommend!', 232, 'images/review_photo/user_14.jpg', '2025-10-04', 14),
(576, 'Very satisfied!', 233, 'images/review_photo/user_15.jpg', '2025-10-04', 15),
(577, 'Nice product!', 233, 'images/review_photo/user_1.jpg', '2025-10-04', 1),
(578, 'Good quality!', 234, 'images/review_photo/user_2.jpg', '2025-10-04', 2),
(579, 'Loved it!', 234, 'images/review_photo/user_3.jpg', '2025-10-04', 3),
(580, 'Highly recommend!', 235, 'images/review_photo/user_4.jpg', '2025-10-04', 4),
(581, 'Very satisfied!', 235, 'images/review_photo/user_5.jpg', '2025-10-04', 5),
(582, 'Nice product!', 236, 'images/review_photo/user_6.jpg', '2025-10-04', 6),
(583, 'Good quality!', 236, 'images/review_photo/user_7.jpg', '2025-10-04', 7),
(584, 'Loved it!', 237, 'images/review_photo/user_8.jpg', '2025-10-04', 8),
(585, 'Highly recommend!', 237, 'images/review_photo/user_9.jpg', '2025-10-04', 9),
(586, 'Very satisfied!', 238, 'images/review_photo/user_10.jpg', '2025-10-04', 10),
(587, 'Nice product!', 238, 'images/review_photo/user_11.jpg', '2025-10-04', 11),
(588, 'Good quality!', 239, 'images/review_photo/user_12.jpg', '2025-10-04', 12),
(589, 'Loved it!', 239, 'images/review_photo/user_13.jpg', '2025-10-04', 13),
(590, 'Highly recommend!', 240, 'images/review_photo/user_14.jpg', '2025-10-04', 14),
(591, 'Very satisfied!', 240, 'images/review_photo/user_15.jpg', '2025-10-04', 15),
(592, 'Nice product!', 241, 'images/review_photo/user_1.jpg', '2025-10-04', 1),
(593, 'Good quality!', 241, 'images/review_photo/user_2.jpg', '2025-10-04', 2),
(594, 'Loved it!', 242, 'images/review_photo/user_3.jpg', '2025-10-04', 3),
(595, 'Highly recommend!', 242, 'images/review_photo/user_4.jpg', '2025-10-04', 4),
(596, 'Very satisfied!', 243, 'images/review_photo/user_5.jpg', '2025-10-04', 5),
(597, 'Nice product!', 243, 'images/review_photo/user_6.jpg', '2025-10-04', 6),
(598, 'Good quality!', 244, 'images/review_photo/user_7.jpg', '2025-10-04', 7),
(599, 'Loved it!', 244, 'images/review_photo/user_8.jpg', '2025-10-04', 8),
(600, 'Highly recommend!', 245, 'images/review_photo/user_9.jpg', '2025-10-04', 9),
(601, 'Very satisfied!', 245, 'images/review_photo/user_10.jpg', '2025-10-04', 10),
(602, 'Nice product!', 246, 'images/review_photo/user_11.jpg', '2025-10-04', 11),
(603, 'Good quality!', 246, 'images/review_photo/user_12.jpg', '2025-10-04', 12),
(604, 'Loved it!', 247, 'images/review_photo/user_13.jpg', '2025-10-04', 13),
(605, 'Highly recommend!', 247, 'images/review_photo/user_14.jpg', '2025-10-04', 14),
(606, 'Very satisfied!', 248, 'images/review_photo/user_15.jpg', '2025-10-04', 15),
(607, 'Nice product!', 248, 'images/review_photo/user_1.jpg', '2025-10-04', 1),
(608, 'Good quality!', 249, 'images/review_photo/user_2.jpg', '2025-10-04', 2),
(609, 'Loved it!', 249, 'images/review_photo/user_3.jpg', '2025-10-04', 3),
(610, 'Highly recommend!', 250, 'images/review_photo/user_4.jpg', '2025-10-04', 4),
(611, 'Very satisfied!', 250, 'images/review_photo/user_5.jpg', '2025-10-04', 5),
(612, 'Nice product!', 251, 'images/review_photo/user_6.jpg', '2025-10-04', 6),
(613, 'Good quality!', 251, 'images/review_photo/user_7.jpg', '2025-10-04', 7),
(614, 'Loved it!', 252, 'images/review_photo/user_8.jpg', '2025-10-04', 8),
(615, 'Highly recommend!', 252, 'images/review_photo/user_9.jpg', '2025-10-04', 9),
(616, 'Very satisfied!', 253, 'images/review_photo/user_10.jpg', '2025-10-04', 10),
(617, 'Nice product!', 253, 'images/review_photo/user_11.jpg', '2025-10-04', 11),
(618, 'Good quality!', 254, 'images/review_photo/user_12.jpg', '2025-10-04', 12),
(619, 'Loved it!', 254, 'images/review_photo/user_13.jpg', '2025-10-04', 13),
(620, 'Highly recommend!', 255, 'images/review_photo/user_14.jpg', '2025-10-04', 14),
(621, 'Very satisfied!', 255, 'images/review_photo/user_15.jpg', '2025-10-04', 15),
(622, 'Nice product!', 256, 'images/review_photo/user_1.jpg', '2025-10-04', 1),
(623, 'Good quality!', 256, 'images/review_photo/user_2.jpg', '2025-10-04', 2),
(624, 'Loved it!', 257, 'images/review_photo/user_3.jpg', '2025-10-04', 3),
(625, 'Highly recommend!', 257, 'images/review_photo/user_4.jpg', '2025-10-04', 4),
(626, 'Very satisfied!', 258, 'images/review_photo/user_5.jpg', '2025-10-04', 5),
(627, 'Nice product!', 258, 'images/review_photo/user_6.jpg', '2025-10-04', 6),
(628, 'Good quality!', 259, 'images/review_photo/user_7.jpg', '2025-10-04', 7),
(629, 'Loved it!', 259, 'images/review_photo/user_8.jpg', '2025-10-04', 8),
(630, 'Highly recommend!', 260, 'images/review_photo/user_9.jpg', '2025-10-04', 9),
(631, 'Very satisfied!', 260, 'images/review_photo/user_10.jpg', '2025-10-04', 10),
(632, 'Nice product!', 261, 'images/review_photo/user_11.jpg', '2025-10-04', 11),
(633, 'Good quality!', 261, 'images/review_photo/user_12.jpg', '2025-10-04', 12),
(634, 'Loved it!', 262, 'images/review_photo/user_13.jpg', '2025-10-04', 13),
(635, 'Highly recommend!', 262, 'images/review_photo/user_14.jpg', '2025-10-04', 14),
(636, 'Very satisfied!', 263, 'images/review_photo/user_15.jpg', '2025-10-04', 15),
(637, 'Nice product!', 263, 'images/review_photo/user_1.jpg', '2025-10-04', 1),
(638, 'Good quality!', 264, 'images/review_photo/user_2.jpg', '2025-10-04', 2),
(639, 'Loved it!', 264, 'images/review_photo/user_3.jpg', '2025-10-04', 3),
(640, 'Highly recommend!', 265, 'images/review_photo/user_4.jpg', '2025-10-04', 4),
(641, 'Very satisfied!', 265, 'images/review_photo/user_5.jpg', '2025-10-04', 5),
(642, 'Nice product!', 266, 'images/review_photo/user_6.jpg', '2025-10-04', 6),
(643, 'Good quality!', 266, 'images/review_photo/user_7.jpg', '2025-10-04', 7),
(644, 'Loved it!', 267, 'images/review_photo/user_8.jpg', '2025-10-04', 8);
INSERT INTO `review_master_tbl` (`review_id`, `review_message`, `prod_id`, `review_photo`, `review_date`, `user_id`) VALUES
(645, 'Highly recommend!', 267, 'images/review_photo/user_9.jpg', '2025-10-04', 9),
(646, 'Very satisfied!', 268, 'images/review_photo/user_10.jpg', '2025-10-04', 10),
(647, 'Nice product!', 268, 'images/review_photo/user_11.jpg', '2025-10-04', 11),
(648, 'Good quality!', 269, 'images/review_photo/user_12.jpg', '2025-10-04', 12),
(649, 'Loved it!', 269, 'images/review_photo/user_13.jpg', '2025-10-04', 13),
(650, 'Highly recommend!', 270, 'images/review_photo/user_14.jpg', '2025-10-04', 14),
(651, 'Very satisfied!', 270, 'images/review_photo/user_15.jpg', '2025-10-04', 15),
(652, 'Nice product!', 271, 'images/review_photo/user_1.jpg', '2025-10-04', 1),
(653, 'Good quality!', 271, 'images/review_photo/user_2.jpg', '2025-10-04', 2),
(654, 'Loved it!', 272, 'images/review_photo/user_3.jpg', '2025-10-04', 3),
(655, 'Highly recommend!', 272, 'images/review_photo/user_4.jpg', '2025-10-04', 4),
(656, 'Very satisfied!', 273, 'images/review_photo/user_5.jpg', '2025-10-04', 5),
(657, 'Nice product!', 273, 'images/review_photo/user_6.jpg', '2025-10-04', 6),
(658, 'Good quality!', 274, 'images/review_photo/user_7.jpg', '2025-10-04', 7),
(659, 'Loved it!', 274, 'images/review_photo/user_8.jpg', '2025-10-04', 8),
(660, 'Highly recommend!', 275, 'images/review_photo/user_9.jpg', '2025-10-04', 9),
(661, 'Very satisfied!', 275, 'images/review_photo/user_10.jpg', '2025-10-04', 10),
(662, 'Nice product!', 276, 'images/review_photo/user_11.jpg', '2025-10-04', 11),
(663, 'Good quality!', 276, 'images/review_photo/user_12.jpg', '2025-10-04', 12),
(664, 'Loved it!', 277, 'images/review_photo/user_13.jpg', '2025-10-04', 13),
(665, 'Highly recommend!', 277, 'images/review_photo/user_14.jpg', '2025-10-04', 14),
(666, 'Very satisfied!', 278, 'images/review_photo/user_15.jpg', '2025-10-04', 15),
(667, 'Nice product!', 278, 'images/review_photo/user_1.jpg', '2025-10-04', 1),
(668, 'Good quality!', 279, 'images/review_photo/user_2.jpg', '2025-10-04', 2),
(669, 'Loved it!', 279, 'images/review_photo/user_3.jpg', '2025-10-04', 3),
(670, 'Highly recommend!', 280, 'images/review_photo/user_4.jpg', '2025-10-04', 4),
(671, 'Very satisfied!', 280, 'images/review_photo/user_5.jpg', '2025-10-04', 5),
(672, 'Nice product!', 281, 'images/review_photo/user_6.jpg', '2025-10-04', 6),
(673, 'Good quality!', 281, 'images/review_photo/user_7.jpg', '2025-10-04', 7),
(674, 'Loved it!', 282, 'images/review_photo/user_8.jpg', '2025-10-04', 8),
(675, 'Highly recommend!', 282, 'images/review_photo/user_9.jpg', '2025-10-04', 9),
(676, 'Very satisfied!', 283, 'images/review_photo/user_10.jpg', '2025-10-04', 10),
(677, 'Nice product!', 283, 'images/review_photo/user_11.jpg', '2025-10-04', 11),
(678, 'Good quality!', 284, 'images/review_photo/user_12.jpg', '2025-10-04', 12),
(679, 'Loved it!', 284, 'images/review_photo/user_13.jpg', '2025-10-04', 13),
(680, 'Highly recommend!', 285, 'images/review_photo/user_14.jpg', '2025-10-04', 14),
(681, 'Very satisfied!', 285, 'images/review_photo/user_15.jpg', '2025-10-04', 15),
(682, 'Nice product!', 286, 'images/review_photo/user_1.jpg', '2025-10-04', 1),
(683, 'Good quality!', 286, 'images/review_photo/user_2.jpg', '2025-10-04', 2),
(684, 'Loved it!', 287, 'images/review_photo/user_3.jpg', '2025-10-04', 3),
(685, 'Highly recommend!', 287, 'images/review_photo/user_4.jpg', '2025-10-04', 4),
(686, 'Very satisfied!', 288, 'images/review_photo/user_5.jpg', '2025-10-04', 5),
(687, 'Nice product!', 288, 'images/review_photo/user_6.jpg', '2025-10-04', 6),
(688, 'Good quality!', 289, 'images/review_photo/user_7.jpg', '2025-10-04', 7),
(689, 'Loved it!', 289, 'images/review_photo/user_8.jpg', '2025-10-04', 8),
(690, 'Highly recommend!', 290, 'images/review_photo/user_9.jpg', '2025-10-04', 9),
(691, 'Very satisfied!', 290, 'images/review_photo/user_10.jpg', '2025-10-04', 10),
(692, 'Nice product!', 291, 'images/review_photo/user_11.jpg', '2025-10-04', 11),
(693, 'Good quality!', 291, 'images/review_photo/user_12.jpg', '2025-10-04', 12),
(694, 'Loved it!', 292, 'images/review_photo/user_13.jpg', '2025-10-04', 13),
(695, 'Highly recommend!', 292, 'images/review_photo/user_14.jpg', '2025-10-04', 14),
(696, 'Very satisfied!', 293, 'images/review_photo/user_15.jpg', '2025-10-04', 15),
(697, 'Nice product!', 293, 'images/review_photo/user_1.jpg', '2025-10-04', 1),
(698, 'Good quality!', 294, 'images/review_photo/user_2.jpg', '2025-10-04', 2),
(699, 'Loved it!', 294, 'images/review_photo/user_3.jpg', '2025-10-04', 3),
(700, 'Highly recommend!', 295, 'images/review_photo/user_4.jpg', '2025-10-04', 4),
(701, 'Very satisfied!', 295, 'images/review_photo/user_5.jpg', '2025-10-04', 5),
(702, 'Nice product!', 296, 'images/review_photo/user_6.jpg', '2025-10-04', 6),
(703, 'Good quality!', 296, 'images/review_photo/user_7.jpg', '2025-10-04', 7),
(704, 'Loved it!', 297, 'images/review_photo/user_8.jpg', '2025-10-04', 8),
(705, 'Highly recommend!', 297, 'images/review_photo/user_9.jpg', '2025-10-04', 9),
(706, 'Very satisfied!', 298, 'images/review_photo/user_10.jpg', '2025-10-04', 10),
(707, 'Nice product!', 298, 'images/review_photo/user_11.jpg', '2025-10-04', 11),
(708, 'Good quality!', 299, 'images/review_photo/user_12.jpg', '2025-10-04', 12),
(709, 'Loved it!', 299, 'images/review_photo/user_13.jpg', '2025-10-04', 13),
(710, 'Highly recommend!', 300, 'images/review_photo/user_14.jpg', '2025-10-04', 14),
(711, 'Very satisfied!', 300, 'images/review_photo/user_15.jpg', '2025-10-04', 15),
(712, 'Nice product!', 301, 'images/review_photo/user_1.jpg', '2025-10-04', 1),
(713, 'Good quality!', 301, 'images/review_photo/user_2.jpg', '2025-10-04', 2),
(714, 'Loved it!', 302, 'images/review_photo/user_3.jpg', '2025-10-04', 3),
(715, 'Highly recommend!', 302, 'images/review_photo/user_4.jpg', '2025-10-04', 4),
(716, 'Very satisfied!', 303, 'images/review_photo/user_5.jpg', '2025-10-04', 5),
(717, 'Nice product!', 303, 'images/review_photo/user_6.jpg', '2025-10-04', 6),
(718, 'Good quality!', 304, 'images/review_photo/user_7.jpg', '2025-10-04', 7),
(719, 'Loved it!', 304, 'images/review_photo/user_8.jpg', '2025-10-04', 8),
(720, 'Highly recommend!', 305, 'images/review_photo/user_9.jpg', '2025-10-04', 9),
(721, 'Very satisfied!', 305, 'images/review_photo/user_10.jpg', '2025-10-04', 10),
(722, 'Nice product!', 306, 'images/review_photo/user_11.jpg', '2025-10-04', 11),
(723, 'Good quality!', 306, 'images/review_photo/user_12.jpg', '2025-10-04', 12),
(724, 'Loved it!', 307, 'images/review_photo/user_13.jpg', '2025-10-04', 13),
(725, 'Highly recommend!', 307, 'images/review_photo/user_14.jpg', '2025-10-04', 14),
(726, 'Very satisfied!', 308, 'images/review_photo/user_15.jpg', '2025-10-04', 15),
(727, 'Nice product!', 308, 'images/review_photo/user_1.jpg', '2025-10-04', 1),
(728, 'Good quality!', 309, 'images/review_photo/user_2.jpg', '2025-10-04', 2),
(729, 'Loved it!', 309, 'images/review_photo/user_3.jpg', '2025-10-04', 3),
(730, 'Highly recommend!', 310, 'images/review_photo/user_4.jpg', '2025-10-04', 4),
(731, 'Very satisfied!', 310, 'images/review_photo/user_5.jpg', '2025-10-04', 5),
(732, 'Nice product!', 311, 'images/review_photo/user_6.jpg', '2025-10-04', 6),
(733, 'Good quality!', 311, 'images/review_photo/user_7.jpg', '2025-10-04', 7),
(734, 'Loved it!', 312, 'images/review_photo/user_8.jpg', '2025-10-04', 8),
(735, 'Highly recommend!', 312, 'images/review_photo/user_9.jpg', '2025-10-04', 9),
(736, 'Very satisfied!', 313, 'images/review_photo/user_10.jpg', '2025-10-04', 10),
(737, 'Nice product!', 313, 'images/review_photo/user_11.jpg', '2025-10-04', 11),
(738, 'Good quality!', 314, 'images/review_photo/user_12.jpg', '2025-10-04', 12),
(739, 'Loved it!', 314, 'images/review_photo/user_13.jpg', '2025-10-04', 13),
(740, 'Highly recommend!', 315, 'images/review_photo/user_14.jpg', '2025-10-04', 14),
(741, 'Very satisfied!', 315, 'images/review_photo/user_15.jpg', '2025-10-04', 15),
(742, 'Nice product!', 316, 'images/review_photo/user_1.jpg', '2025-10-04', 1),
(743, 'Good quality!', 316, 'images/review_photo/user_2.jpg', '2025-10-04', 2),
(744, 'Loved it!', 317, 'images/review_photo/user_3.jpg', '2025-10-04', 3),
(745, 'Highly recommend!', 317, 'images/review_photo/user_4.jpg', '2025-10-04', 4),
(746, 'Very satisfied!', 318, 'images/review_photo/user_5.jpg', '2025-10-04', 5),
(747, 'Nice product!', 318, 'images/review_photo/user_6.jpg', '2025-10-04', 6),
(748, 'Good quality!', 319, 'images/review_photo/user_7.jpg', '2025-10-04', 7),
(749, 'Loved it!', 319, 'images/review_photo/user_8.jpg', '2025-10-04', 8),
(750, 'Highly recommend!', 320, 'images/review_photo/user_9.jpg', '2025-10-04', 9),
(751, 'Very satisfied!', 320, 'images/review_photo/user_10.jpg', '2025-10-04', 10),
(752, 'Nice product!', 321, 'images/review_photo/user_11.jpg', '2025-10-04', 11),
(753, 'Good quality!', 321, 'images/review_photo/user_12.jpg', '2025-10-04', 12),
(754, 'Loved it!', 322, 'images/review_photo/user_13.jpg', '2025-10-04', 13),
(755, 'Highly recommend!', 322, 'images/review_photo/user_14.jpg', '2025-10-04', 14),
(756, 'Very satisfied!', 323, 'images/review_photo/user_15.jpg', '2025-10-04', 15),
(757, 'Nice product!', 323, 'images/review_photo/user_1.jpg', '2025-10-04', 1),
(758, 'Good quality!', 324, 'images/review_photo/user_2.jpg', '2025-10-04', 2),
(759, 'Loved it!', 324, 'images/review_photo/user_3.jpg', '2025-10-04', 3),
(760, 'Highly recommend!', 325, 'images/review_photo/user_4.jpg', '2025-10-04', 4),
(761, 'Very satisfied!', 325, 'images/review_photo/user_5.jpg', '2025-10-04', 5),
(762, 'Nice product!', 326, 'images/review_photo/user_6.jpg', '2025-10-04', 6),
(763, 'Good quality!', 326, 'images/review_photo/user_7.jpg', '2025-10-04', 7),
(764, 'Loved it!', 327, 'images/review_photo/user_8.jpg', '2025-10-04', 8),
(765, 'Highly recommend!', 327, 'images/review_photo/user_9.jpg', '2025-10-04', 9),
(766, 'Very satisfied!', 328, 'images/review_photo/user_10.jpg', '2025-10-04', 10),
(767, 'Nice product!', 328, 'images/review_photo/user_11.jpg', '2025-10-04', 11),
(768, 'Good quality!', 329, 'images/review_photo/user_12.jpg', '2025-10-04', 12),
(769, 'Loved it!', 329, 'images/review_photo/user_13.jpg', '2025-10-04', 13),
(770, 'Highly recommend!', 330, 'images/review_photo/user_14.jpg', '2025-10-04', 14),
(771, 'Very satisfied!', 330, 'images/review_photo/user_15.jpg', '2025-10-04', 15),
(772, 'Nice product!', 331, 'images/review_photo/user_1.jpg', '2025-10-04', 1),
(773, 'Good quality!', 331, 'images/review_photo/user_2.jpg', '2025-10-04', 2),
(774, 'Loved it!', 332, 'images/review_photo/user_3.jpg', '2025-10-04', 3),
(775, 'Highly recommend!', 332, 'images/review_photo/user_4.jpg', '2025-10-04', 4),
(776, 'Very satisfied!', 333, 'images/review_photo/user_5.jpg', '2025-10-04', 5),
(777, 'Nice product!', 333, 'images/review_photo/user_6.jpg', '2025-10-04', 6),
(778, 'Good quality!', 334, 'images/review_photo/user_7.jpg', '2025-10-04', 7),
(779, 'Loved it!', 334, 'images/review_photo/user_8.jpg', '2025-10-04', 8),
(780, 'Highly recommend!', 335, 'images/review_photo/user_9.jpg', '2025-10-04', 9),
(781, 'Very satisfied!', 335, 'images/review_photo/user_10.jpg', '2025-10-04', 10),
(782, 'Nice product!', 336, 'images/review_photo/user_11.jpg', '2025-10-04', 11),
(783, 'Good quality!', 336, 'images/review_photo/user_12.jpg', '2025-10-04', 12),
(784, 'Loved it!', 337, 'images/review_photo/user_13.jpg', '2025-10-04', 13),
(785, 'Highly recommend!', 337, 'images/review_photo/user_14.jpg', '2025-10-04', 14),
(786, 'Very satisfied!', 338, 'images/review_photo/user_15.jpg', '2025-10-04', 15),
(787, 'Nice product!', 338, 'images/review_photo/user_1.jpg', '2025-10-04', 1),
(788, 'Good quality!', 339, 'images/review_photo/user_2.jpg', '2025-10-04', 2),
(789, 'Loved it!', 339, 'images/review_photo/user_3.jpg', '2025-10-04', 3),
(790, 'Highly recommend!', 340, 'images/review_photo/user_4.jpg', '2025-10-04', 4),
(791, 'Very satisfied!', 340, 'images/review_photo/user_5.jpg', '2025-10-04', 5),
(792, 'Nice product!', 341, 'images/review_photo/user_6.jpg', '2025-10-04', 6),
(793, 'Good quality!', 341, 'images/review_photo/user_7.jpg', '2025-10-04', 7),
(794, 'Loved it!', 342, 'images/review_photo/user_8.jpg', '2025-10-04', 8),
(795, 'Highly recommend!', 342, 'images/review_photo/user_9.jpg', '2025-10-04', 9),
(796, 'Very satisfied!', 343, 'images/review_photo/user_10.jpg', '2025-10-04', 10),
(797, 'Nice product!', 343, 'images/review_photo/user_11.jpg', '2025-10-04', 11),
(798, 'Good quality!', 344, 'images/review_photo/user_12.jpg', '2025-10-04', 12),
(799, 'Loved it!', 344, 'images/review_photo/user_13.jpg', '2025-10-04', 13),
(800, 'Highly recommend!', 345, 'images/review_photo/user_14.jpg', '2025-10-04', 14),
(801, 'Very satisfied!', 345, 'images/review_photo/user_15.jpg', '2025-10-04', 15),
(802, 'Nice product!', 346, 'images/review_photo/user_1.jpg', '2025-10-04', 1),
(803, 'Good quality!', 346, 'images/review_photo/user_2.jpg', '2025-10-04', 2),
(804, 'Loved it!', 347, 'images/review_photo/user_3.jpg', '2025-10-04', 3),
(805, 'Highly recommend!', 347, 'images/review_photo/user_4.jpg', '2025-10-04', 4),
(806, 'Very satisfied!', 348, 'images/review_photo/user_5.jpg', '2025-10-04', 5),
(807, 'Nice product!', 348, 'images/review_photo/user_6.jpg', '2025-10-04', 6),
(808, 'Good quality!', 349, 'images/review_photo/user_7.jpg', '2025-10-04', 7),
(809, 'Loved it!', 349, 'images/review_photo/user_8.jpg', '2025-10-04', 8),
(810, 'Highly recommend!', 350, 'images/review_photo/user_9.jpg', '2025-10-04', 9),
(811, 'Very satisfied!', 350, 'images/review_photo/user_10.jpg', '2025-10-04', 10),
(812, 'Nice product!', 351, 'images/review_photo/user_11.jpg', '2025-10-04', 11),
(813, 'Good quality!', 351, 'images/review_photo/user_12.jpg', '2025-10-04', 12),
(814, 'Loved it!', 352, 'images/review_photo/user_13.jpg', '2025-10-04', 13),
(815, 'Highly recommend!', 352, 'images/review_photo/user_14.jpg', '2025-10-04', 14),
(816, 'Very satisfied!', 353, 'images/review_photo/user_15.jpg', '2025-10-04', 15),
(817, 'Nice product!', 353, 'images/review_photo/user_1.jpg', '2025-10-04', 1),
(818, 'Good quality!', 354, 'images/review_photo/user_2.jpg', '2025-10-04', 2),
(819, 'Loved it!', 354, 'images/review_photo/user_3.jpg', '2025-10-04', 3),
(820, 'Highly recommend!', 355, 'images/review_photo/user_4.jpg', '2025-10-04', 4),
(821, 'Very satisfied!', 355, 'images/review_photo/user_5.jpg', '2025-10-04', 5),
(822, 'Nice product!', 356, 'images/review_photo/user_6.jpg', '2025-10-04', 6),
(823, 'Good quality!', 356, 'images/review_photo/user_7.jpg', '2025-10-04', 7),
(824, 'Loved it!', 357, 'images/review_photo/user_8.jpg', '2025-10-04', 8),
(825, 'Highly recommend!', 357, 'images/review_photo/user_9.jpg', '2025-10-04', 9),
(826, 'Very satisfied!', 358, 'images/review_photo/user_10.jpg', '2025-10-04', 10),
(827, 'Nice product!', 358, 'images/review_photo/user_11.jpg', '2025-10-04', 11),
(828, 'Good quality!', 359, 'images/review_photo/user_12.jpg', '2025-10-04', 12),
(829, 'Loved it!', 359, 'images/review_photo/user_13.jpg', '2025-10-04', 13),
(830, 'Highly recommend!', 360, 'images/review_photo/user_14.jpg', '2025-10-04', 14),
(831, 'Very satisfied!', 360, 'images/review_photo/user_15.jpg', '2025-10-04', 15),
(832, 'Nice product!', 361, 'images/review_photo/user_1.jpg', '2025-10-04', 1),
(833, 'Good quality!', 361, 'images/review_photo/user_2.jpg', '2025-10-04', 2),
(834, 'Loved it!', 362, 'images/review_photo/user_3.jpg', '2025-10-04', 3),
(835, 'Highly recommend!', 362, 'images/review_photo/user_4.jpg', '2025-10-04', 4),
(836, 'Very satisfied!', 363, 'images/review_photo/user_5.jpg', '2025-10-04', 5),
(837, 'Nice product!', 363, 'images/review_photo/user_6.jpg', '2025-10-04', 6),
(838, 'Good quality!', 364, 'images/review_photo/user_7.jpg', '2025-10-04', 7),
(839, 'Loved it!', 364, 'images/review_photo/user_8.jpg', '2025-10-04', 8),
(840, 'Highly recommend!', 365, 'images/review_photo/user_9.jpg', '2025-10-04', 9),
(841, 'Very satisfied!', 365, 'images/review_photo/user_10.jpg', '2025-10-04', 10),
(842, 'Nice product!', 366, 'images/review_photo/user_11.jpg', '2025-10-04', 11),
(843, 'Good quality!', 366, 'images/review_photo/user_12.jpg', '2025-10-04', 12),
(844, 'Loved it!', 367, 'images/review_photo/user_13.jpg', '2025-10-04', 13),
(845, 'Highly recommend!', 367, 'images/review_photo/user_14.jpg', '2025-10-04', 14),
(846, 'Very satisfied!', 368, 'images/review_photo/user_15.jpg', '2025-10-04', 15),
(847, 'Nice product!', 368, 'images/review_photo/user_1.jpg', '2025-10-04', 1),
(848, 'Good quality!', 369, 'images/review_photo/user_2.jpg', '2025-10-04', 2),
(849, 'Loved it!', 369, 'images/review_photo/user_3.jpg', '2025-10-04', 3),
(850, 'Highly recommend!', 370, 'images/review_photo/user_4.jpg', '2025-10-04', 4),
(851, 'Very satisfied!', 370, 'images/review_photo/user_5.jpg', '2025-10-04', 5),
(852, 'Nice product!', 371, 'images/review_photo/user_6.jpg', '2025-10-04', 6),
(853, 'Good quality!', 371, 'images/review_photo/user_7.jpg', '2025-10-04', 7),
(854, 'Loved it!', 372, 'images/review_photo/user_8.jpg', '2025-10-04', 8),
(855, 'Highly recommend!', 372, 'images/review_photo/user_9.jpg', '2025-10-04', 9),
(856, 'Very satisfied!', 373, 'images/review_photo/user_10.jpg', '2025-10-04', 10),
(857, 'Nice product!', 373, 'images/review_photo/user_11.jpg', '2025-10-04', 11),
(858, 'Good quality!', 374, 'images/review_photo/user_12.jpg', '2025-10-04', 12),
(859, 'Loved it!', 374, 'images/review_photo/user_13.jpg', '2025-10-04', 13),
(860, 'Highly recommend!', 375, 'images/review_photo/user_14.jpg', '2025-10-04', 14),
(861, 'Very satisfied!', 375, 'images/review_photo/user_15.jpg', '2025-10-04', 15),
(862, 'Nice product!', 376, 'images/review_photo/user_1.jpg', '2025-10-04', 1),
(863, 'Good quality!', 376, 'images/review_photo/user_2.jpg', '2025-10-04', 2),
(864, 'Loved it!', 377, 'images/review_photo/user_3.jpg', '2025-10-04', 3),
(865, 'Highly recommend!', 377, 'images/review_photo/user_4.jpg', '2025-10-04', 4),
(866, 'Very satisfied!', 378, 'images/review_photo/user_5.jpg', '2025-10-04', 5),
(867, 'Nice product!', 378, 'images/review_photo/user_6.jpg', '2025-10-04', 6),
(868, 'Good quality!', 379, 'images/review_photo/user_7.jpg', '2025-10-04', 7),
(869, 'Loved it!', 379, 'images/review_photo/user_8.jpg', '2025-10-04', 8),
(870, 'Highly recommend!', 380, 'images/review_photo/user_9.jpg', '2025-10-04', 9),
(871, 'Very satisfied!', 380, 'images/review_photo/user_10.jpg', '2025-10-04', 10),
(872, 'Nice product!', 381, 'images/review_photo/user_11.jpg', '2025-10-04', 11),
(873, 'Good quality!', 381, 'images/review_photo/user_12.jpg', '2025-10-04', 12),
(874, 'Loved it!', 382, 'images/review_photo/user_13.jpg', '2025-10-04', 13),
(875, 'Highly recommend!', 382, 'images/review_photo/user_14.jpg', '2025-10-04', 14),
(876, 'Very satisfied!', 383, 'images/review_photo/user_15.jpg', '2025-10-04', 15),
(877, 'Nice product!', 383, 'images/review_photo/user_1.jpg', '2025-10-04', 1),
(878, 'Good quality!', 384, 'images/review_photo/user_2.jpg', '2025-10-04', 2),
(879, 'Loved it!', 384, 'images/review_photo/user_3.jpg', '2025-10-04', 3),
(880, 'Highly recommend!', 385, 'images/review_photo/user_4.jpg', '2025-10-04', 4),
(881, 'Very satisfied!', 385, 'images/review_photo/user_5.jpg', '2025-10-04', 5),
(882, 'Nice product!', 386, 'images/review_photo/user_6.jpg', '2025-10-04', 6),
(883, 'Good quality!', 386, 'images/review_photo/user_7.jpg', '2025-10-04', 7),
(884, 'Loved it!', 387, 'images/review_photo/user_8.jpg', '2025-10-04', 8),
(885, 'Highly recommend!', 387, 'images/review_photo/user_9.jpg', '2025-10-04', 9),
(886, 'Very satisfied!', 388, 'images/review_photo/user_10.jpg', '2025-10-04', 10),
(887, 'Nice product!', 388, 'images/review_photo/user_11.jpg', '2025-10-04', 11),
(888, 'Good quality!', 389, 'images/review_photo/user_12.jpg', '2025-10-04', 12),
(889, 'Loved it!', 389, 'images/review_photo/user_13.jpg', '2025-10-04', 13),
(890, 'Highly recommend!', 390, 'images/review_photo/user_14.jpg', '2025-10-04', 14),
(891, 'Very satisfied!', 390, 'images/review_photo/user_15.jpg', '2025-10-04', 15),
(892, 'Nice product!', 391, 'images/review_photo/user_1.jpg', '2025-10-04', 1),
(893, 'Good quality!', 391, 'images/review_photo/user_2.jpg', '2025-10-04', 2),
(894, 'Loved it!', 392, 'images/review_photo/user_3.jpg', '2025-10-04', 3),
(895, 'Highly recommend!', 392, 'images/review_photo/user_4.jpg', '2025-10-04', 4),
(896, 'Very satisfied!', 393, 'images/review_photo/user_5.jpg', '2025-10-04', 5),
(897, 'Nice product!', 393, 'images/review_photo/user_6.jpg', '2025-10-04', 6),
(898, 'Good quality!', 394, 'images/review_photo/user_7.jpg', '2025-10-04', 7),
(899, 'Loved it!', 394, 'images/review_photo/user_8.jpg', '2025-10-04', 8),
(900, 'Highly recommend!', 395, 'images/review_photo/user_9.jpg', '2025-10-04', 9),
(901, 'Very satisfied!', 395, 'images/review_photo/user_10.jpg', '2025-10-04', 10),
(902, 'Nice product!', 396, 'images/review_photo/user_11.jpg', '2025-10-04', 11),
(903, 'Good quality!', 396, 'images/review_photo/user_12.jpg', '2025-10-04', 12),
(904, 'Loved it!', 397, 'images/review_photo/user_13.jpg', '2025-10-04', 13),
(905, 'Highly recommend!', 397, 'images/review_photo/user_14.jpg', '2025-10-04', 14),
(906, 'Very satisfied!', 398, 'images/review_photo/user_15.jpg', '2025-10-04', 15),
(907, 'Nice product!', 398, 'images/review_photo/user_1.jpg', '2025-10-04', 1),
(908, 'Good quality!', 399, 'images/review_photo/user_2.jpg', '2025-10-04', 2),
(909, 'Loved it!', 399, 'images/review_photo/user_3.jpg', '2025-10-04', 3),
(910, 'Highly recommend!', 400, 'images/review_photo/user_4.jpg', '2025-10-04', 4),
(911, 'Very satisfied!', 400, 'images/review_photo/user_5.jpg', '2025-10-04', 5),
(912, 'Nice product!', 401, 'images/review_photo/user_6.jpg', '2025-10-04', 6),
(913, 'Good quality!', 401, 'images/review_photo/user_7.jpg', '2025-10-04', 7),
(914, 'Loved it!', 402, 'images/review_photo/user_8.jpg', '2025-10-04', 8),
(915, 'Highly recommend!', 402, 'images/review_photo/user_9.jpg', '2025-10-04', 9),
(916, 'Very satisfied!', 403, 'images/review_photo/user_10.jpg', '2025-10-04', 10),
(917, 'Nice product!', 403, 'images/review_photo/user_11.jpg', '2025-10-04', 11),
(918, 'Good quality!', 404, 'images/review_photo/user_12.jpg', '2025-10-04', 12),
(919, 'Loved it!', 404, 'images/review_photo/user_13.jpg', '2025-10-04', 13),
(920, 'Highly recommend!', 405, 'images/review_photo/user_14.jpg', '2025-10-04', 14),
(921, 'Very satisfied!', 405, 'images/review_photo/user_15.jpg', '2025-10-04', 15),
(922, 'Nice product!', 406, 'images/review_photo/user_1.jpg', '2025-10-04', 1),
(923, 'Good quality!', 406, 'images/review_photo/user_2.jpg', '2025-10-04', 2),
(924, 'Loved it!', 407, 'images/review_photo/user_3.jpg', '2025-10-04', 3),
(925, 'Highly recommend!', 407, 'images/review_photo/user_4.jpg', '2025-10-04', 4),
(926, 'Very satisfied!', 408, 'images/review_photo/user_5.jpg', '2025-10-04', 5),
(927, 'Nice product!', 408, 'images/review_photo/user_6.jpg', '2025-10-04', 6),
(928, 'Good quality!', 409, 'images/review_photo/user_7.jpg', '2025-10-04', 7),
(929, 'Loved it!', 409, 'images/review_photo/user_8.jpg', '2025-10-04', 8),
(930, 'Highly recommend!', 410, 'images/review_photo/user_9.jpg', '2025-10-04', 9),
(931, 'Very satisfied!', 410, 'images/review_photo/user_10.jpg', '2025-10-04', 10),
(932, 'Nice product!', 411, 'images/review_photo/user_11.jpg', '2025-10-04', 11),
(933, 'Good quality!', 411, 'images/review_photo/user_12.jpg', '2025-10-04', 12),
(934, 'Loved it!', 412, 'images/review_photo/user_13.jpg', '2025-10-04', 13),
(935, 'Highly recommend!', 412, 'images/review_photo/user_14.jpg', '2025-10-04', 14),
(936, 'Very satisfied!', 413, 'images/review_photo/user_15.jpg', '2025-10-04', 15),
(937, 'Nice product!', 413, 'images/review_photo/user_1.jpg', '2025-10-04', 1),
(938, 'Good quality!', 414, 'images/review_photo/user_2.jpg', '2025-10-04', 2),
(939, 'Loved it!', 414, 'images/review_photo/user_3.jpg', '2025-10-04', 3),
(940, 'Highly recommend!', 415, 'images/review_photo/user_4.jpg', '2025-10-04', 4),
(941, 'Very satisfied!', 415, 'images/review_photo/user_5.jpg', '2025-10-04', 5),
(942, 'Nice product!', 416, 'images/review_photo/user_6.jpg', '2025-10-04', 6),
(943, 'Good quality!', 416, 'images/review_photo/user_7.jpg', '2025-10-04', 7),
(944, 'Loved it!', 417, 'images/review_photo/user_8.jpg', '2025-10-04', 8),
(945, 'Highly recommend!', 417, 'images/review_photo/user_9.jpg', '2025-10-04', 9),
(946, 'Very satisfied!', 418, 'images/review_photo/user_10.jpg', '2025-10-04', 10),
(947, 'Nice product!', 418, 'images/review_photo/user_11.jpg', '2025-10-04', 11),
(948, 'Good quality!', 419, 'images/review_photo/user_12.jpg', '2025-10-04', 12),
(949, 'Loved it!', 419, 'images/review_photo/user_13.jpg', '2025-10-04', 13),
(950, 'Highly recommend!', 420, 'images/review_photo/user_14.jpg', '2025-10-04', 14),
(951, 'Very satisfied!', 420, 'images/review_photo/user_15.jpg', '2025-10-04', 15),
(952, 'Nice product!', 421, 'images/review_photo/user_1.jpg', '2025-10-04', 1),
(953, 'Good quality!', 421, 'images/review_photo/user_2.jpg', '2025-10-04', 2),
(954, 'Loved it!', 422, 'images/review_photo/user_3.jpg', '2025-10-04', 3),
(955, 'Highly recommend!', 422, 'images/review_photo/user_4.jpg', '2025-10-04', 4),
(956, 'Very satisfied!', 423, 'images/review_photo/user_5.jpg', '2025-10-04', 5),
(957, 'Nice product!', 423, 'images/review_photo/user_6.jpg', '2025-10-04', 6),
(958, 'Good quality!', 424, 'images/review_photo/user_7.jpg', '2025-10-04', 7),
(959, 'Loved it!', 424, 'images/review_photo/user_8.jpg', '2025-10-04', 8),
(960, 'Highly recommend!', 425, 'images/review_photo/user_9.jpg', '2025-10-04', 9),
(961, 'Very satisfied!', 425, 'images/review_photo/user_10.jpg', '2025-10-04', 10),
(962, 'Nice product!', 426, 'images/review_photo/user_11.jpg', '2025-10-04', 11),
(963, 'Good quality!', 426, 'images/review_photo/user_12.jpg', '2025-10-04', 12),
(964, 'Loved it!', 427, 'images/review_photo/user_13.jpg', '2025-10-04', 13),
(965, 'Highly recommend!', 427, 'images/review_photo/user_14.jpg', '2025-10-04', 14),
(966, 'Very satisfied!', 428, 'images/review_photo/user_15.jpg', '2025-10-04', 15),
(967, 'Nice product!', 428, 'images/review_photo/user_1.jpg', '2025-10-04', 1),
(968, 'Good quality!', 429, 'images/review_photo/user_2.jpg', '2025-10-04', 2),
(969, 'Loved it!', 429, 'images/review_photo/user_3.jpg', '2025-10-04', 3),
(970, 'Highly recommend!', 430, 'images/review_photo/user_4.jpg', '2025-10-04', 4),
(971, 'Very satisfied!', 430, 'images/review_photo/user_5.jpg', '2025-10-04', 5),
(972, 'Nice product!', 431, 'images/review_photo/user_6.jpg', '2025-10-04', 6),
(973, 'Good quality!', 431, 'images/review_photo/user_7.jpg', '2025-10-04', 7),
(974, 'Loved it!', 432, 'images/review_photo/user_8.jpg', '2025-10-04', 8),
(975, 'Highly recommend!', 432, 'images/review_photo/user_9.jpg', '2025-10-04', 9),
(976, 'Very satisfied!', 433, 'images/review_photo/user_10.jpg', '2025-10-04', 10),
(977, 'Nice product!', 433, 'images/review_photo/user_11.jpg', '2025-10-04', 11),
(978, 'Good quality!', 434, 'images/review_photo/user_12.jpg', '2025-10-04', 12),
(979, 'Loved it!', 434, 'images/review_photo/user_13.jpg', '2025-10-04', 13),
(980, 'Highly recommend!', 435, 'images/review_photo/user_14.jpg', '2025-10-04', 14),
(981, 'Very satisfied!', 435, 'images/review_photo/user_15.jpg', '2025-10-04', 15),
(982, 'Nice product!', 436, 'images/review_photo/user_1.jpg', '2025-10-04', 1),
(983, 'Good quality!', 436, 'images/review_photo/user_2.jpg', '2025-10-04', 2),
(984, 'Loved it!', 437, 'images/review_photo/user_3.jpg', '2025-10-04', 3),
(985, 'Highly recommend!', 437, 'images/review_photo/user_4.jpg', '2025-10-04', 4),
(986, 'Very satisfied!', 438, 'images/review_photo/user_5.jpg', '2025-10-04', 5),
(987, 'Nice product!', 438, 'images/review_photo/user_6.jpg', '2025-10-04', 6),
(988, 'Good quality!', 439, 'images/review_photo/user_7.jpg', '2025-10-04', 7),
(989, 'Loved it!', 439, 'images/review_photo/user_8.jpg', '2025-10-04', 8),
(990, 'Highly recommend!', 440, 'images/review_photo/user_9.jpg', '2025-10-04', 9),
(991, 'Very satisfied!', 440, 'images/review_photo/user_10.jpg', '2025-10-04', 10),
(992, 'Nice product!', 441, 'images/review_photo/user_11.jpg', '2025-10-04', 11),
(993, 'Good quality!', 441, 'images/review_photo/user_12.jpg', '2025-10-04', 12),
(994, 'Loved it!', 442, 'images/review_photo/user_13.jpg', '2025-10-04', 13),
(995, 'Highly recommend!', 442, 'images/review_photo/user_14.jpg', '2025-10-04', 14),
(996, 'Very satisfied!', 443, 'images/review_photo/user_15.jpg', '2025-10-04', 15),
(997, 'Nice product!', 443, 'images/review_photo/user_1.jpg', '2025-10-04', 1),
(998, 'Good quality!', 444, 'images/review_photo/user_2.jpg', '2025-10-04', 2),
(999, 'Loved it!', 444, 'images/review_photo/user_3.jpg', '2025-10-04', 3),
(1000, 'Highly recommend!', 445, 'images/review_photo/user_4.jpg', '2025-10-04', 4),
(1001, 'Very satisfied!', 445, 'images/review_photo/user_5.jpg', '2025-10-04', 5),
(1002, 'Nice product!', 446, 'images/review_photo/user_6.jpg', '2025-10-04', 6),
(1003, 'Good quality!', 446, 'images/review_photo/user_7.jpg', '2025-10-04', 7),
(1004, 'Loved it!', 447, 'images/review_photo/user_8.jpg', '2025-10-04', 8),
(1005, 'Highly recommend!', 447, 'images/review_photo/user_9.jpg', '2025-10-04', 9),
(1006, 'Very satisfied!', 448, 'images/review_photo/user_10.jpg', '2025-10-04', 10),
(1007, 'Nice product!', 448, 'images/review_photo/user_11.jpg', '2025-10-04', 11),
(1008, 'Good quality!', 449, 'images/review_photo/user_12.jpg', '2025-10-04', 12),
(1009, 'Loved it!', 449, 'images/review_photo/user_13.jpg', '2025-10-04', 13),
(1010, 'Highly recommend!', 450, 'images/review_photo/user_14.jpg', '2025-10-04', 14),
(1011, 'Very satisfied!', 450, 'images/review_photo/user_15.jpg', '2025-10-04', 15),
(1012, 'Nice product!', 451, 'images/review_photo/user_1.jpg', '2025-10-04', 1),
(1013, 'Good quality!', 451, 'images/review_photo/user_2.jpg', '2025-10-04', 2),
(1014, 'Loved it!', 452, 'images/review_photo/user_3.jpg', '2025-10-04', 3),
(1015, 'Highly recommend!', 452, 'images/review_photo/user_4.jpg', '2025-10-04', 4),
(1016, 'Very satisfied!', 453, 'images/review_photo/user_5.jpg', '2025-10-04', 5),
(1017, 'Nice product!', 453, 'images/review_photo/user_6.jpg', '2025-10-04', 6),
(1018, 'Good quality!', 454, 'images/review_photo/user_7.jpg', '2025-10-04', 7),
(1019, 'Loved it!', 454, 'images/review_photo/user_8.jpg', '2025-10-04', 8),
(1020, 'Highly recommend!', 455, 'images/review_photo/user_9.jpg', '2025-10-04', 9),
(1021, 'Very satisfied!', 455, 'images/review_photo/user_10.jpg', '2025-10-04', 10),
(1022, 'Nice product!', 456, 'images/review_photo/user_11.jpg', '2025-10-04', 11),
(1023, 'Good quality!', 456, 'images/review_photo/user_12.jpg', '2025-10-04', 12),
(1024, 'Loved it!', 457, 'images/review_photo/user_13.jpg', '2025-10-04', 13),
(1025, 'Highly recommend!', 457, 'images/review_photo/user_14.jpg', '2025-10-04', 14),
(1026, 'Very satisfied!', 458, 'images/review_photo/user_15.jpg', '2025-10-04', 15),
(1027, 'Nice product!', 458, 'images/review_photo/user_1.jpg', '2025-10-04', 1),
(1028, 'Good quality!', 459, 'images/review_photo/user_2.jpg', '2025-10-04', 2),
(1029, 'Loved it!', 459, 'images/review_photo/user_3.jpg', '2025-10-04', 3),
(1030, 'Highly recommend!', 460, 'images/review_photo/user_4.jpg', '2025-10-04', 4),
(1031, 'Very satisfied!', 460, 'images/review_photo/user_5.jpg', '2025-10-04', 5),
(1032, 'Nice product!', 461, 'images/review_photo/user_6.jpg', '2025-10-04', 6),
(1033, 'Good quality!', 461, 'images/review_photo/user_7.jpg', '2025-10-04', 7),
(1034, 'Loved it!', 462, 'images/review_photo/user_8.jpg', '2025-10-04', 8),
(1035, 'Highly recommend!', 462, 'images/review_photo/user_9.jpg', '2025-10-04', 9),
(1036, 'Very satisfied!', 463, 'images/review_photo/user_10.jpg', '2025-10-04', 10),
(1037, 'Nice product!', 463, 'images/review_photo/user_11.jpg', '2025-10-04', 11),
(1038, 'Good quality!', 464, 'images/review_photo/user_12.jpg', '2025-10-04', 12),
(1039, 'Loved it!', 464, 'images/review_photo/user_13.jpg', '2025-10-04', 13),
(1040, 'Highly recommend!', 465, 'images/review_photo/user_14.jpg', '2025-10-04', 14),
(1041, 'Very satisfied!', 465, 'images/review_photo/user_15.jpg', '2025-10-04', 15),
(1042, 'Nice product!', 466, 'images/review_photo/user_1.jpg', '2025-10-04', 1),
(1043, 'Good quality!', 466, 'images/review_photo/user_2.jpg', '2025-10-04', 2),
(1044, 'Loved it!', 467, 'images/review_photo/user_3.jpg', '2025-10-04', 3),
(1045, 'Highly recommend!', 467, 'images/review_photo/user_4.jpg', '2025-10-04', 4),
(1046, 'Very satisfied!', 468, 'images/review_photo/user_5.jpg', '2025-10-04', 5),
(1047, 'Nice product!', 468, 'images/review_photo/user_6.jpg', '2025-10-04', 6),
(1048, 'Good quality!', 469, 'images/review_photo/user_7.jpg', '2025-10-04', 7),
(1049, 'Loved it!', 469, 'images/review_photo/user_8.jpg', '2025-10-04', 8),
(1050, 'Highly recommend!', 470, 'images/review_photo/user_9.jpg', '2025-10-04', 9),
(1051, 'Very satisfied!', 470, 'images/review_photo/user_10.jpg', '2025-10-04', 10),
(1052, 'Nice product!', 471, 'images/review_photo/user_11.jpg', '2025-10-04', 11),
(1053, 'Good quality!', 471, 'images/review_photo/user_12.jpg', '2025-10-04', 12),
(1054, 'Loved it!', 472, 'images/review_photo/user_13.jpg', '2025-10-04', 13),
(1055, 'Highly recommend!', 472, 'images/review_photo/user_14.jpg', '2025-10-04', 14),
(1056, 'Very satisfied!', 473, 'images/review_photo/user_15.jpg', '2025-10-04', 15),
(1057, 'Nice product!', 473, 'images/review_photo/user_1.jpg', '2025-10-04', 1),
(1058, 'Good quality!', 474, 'images/review_photo/user_2.jpg', '2025-10-04', 2),
(1059, 'Loved it!', 474, 'images/review_photo/user_3.jpg', '2025-10-04', 3),
(1060, 'Highly recommend!', 475, 'images/review_photo/user_4.jpg', '2025-10-04', 4),
(1061, 'Very satisfied!', 475, 'images/review_photo/user_5.jpg', '2025-10-04', 5),
(1062, 'Nice product!', 476, 'images/review_photo/user_6.jpg', '2025-10-04', 6),
(1063, 'Good quality!', 476, 'images/review_photo/user_7.jpg', '2025-10-04', 7),
(1064, 'Loved it!', 477, 'images/review_photo/user_8.jpg', '2025-10-04', 8),
(1065, 'Highly recommend!', 477, 'images/review_photo/user_9.jpg', '2025-10-04', 9),
(1066, 'Very satisfied!', 478, 'images/review_photo/user_10.jpg', '2025-10-04', 10),
(1067, 'Nice product!', 478, 'images/review_photo/user_11.jpg', '2025-10-04', 11),
(1068, 'Good quality!', 479, 'images/review_photo/user_12.jpg', '2025-10-04', 12),
(1069, 'Loved it!', 479, 'images/review_photo/user_13.jpg', '2025-10-04', 13),
(1070, 'Highly recommend!', 480, 'images/review_photo/user_14.jpg', '2025-10-04', 14),
(1071, 'Very satisfied!', 480, 'images/review_photo/user_15.jpg', '2025-10-04', 15),
(1072, 'Nice product!', 481, 'images/review_photo/user_1.jpg', '2025-10-04', 1),
(1073, 'Good quality!', 481, 'images/review_photo/user_2.jpg', '2025-10-04', 2),
(1074, 'Loved it!', 482, 'images/review_photo/user_3.jpg', '2025-10-04', 3),
(1075, 'Highly recommend!', 482, 'images/review_photo/user_4.jpg', '2025-10-04', 4),
(1076, 'Very satisfied!', 483, 'images/review_photo/user_5.jpg', '2025-10-04', 5),
(1077, 'Nice product!', 483, 'images/review_photo/user_6.jpg', '2025-10-04', 6),
(1078, 'Good quality!', 484, 'images/review_photo/user_7.jpg', '2025-10-04', 7),
(1079, 'Loved it!', 484, 'images/review_photo/user_8.jpg', '2025-10-04', 8),
(1080, 'Highly recommend!', 485, 'images/review_photo/user_9.jpg', '2025-10-04', 9),
(1081, 'Very satisfied!', 485, 'images/review_photo/user_10.jpg', '2025-10-04', 10),
(1082, 'Nice product!', 486, 'images/review_photo/user_11.jpg', '2025-10-04', 11),
(1083, 'Good quality!', 486, 'images/review_photo/user_12.jpg', '2025-10-04', 12),
(1084, 'Loved it!', 487, 'images/review_photo/user_13.jpg', '2025-10-04', 13),
(1085, 'Highly recommend!', 487, 'images/review_photo/user_14.jpg', '2025-10-04', 14),
(1086, 'Very satisfied!', 488, 'images/review_photo/user_15.jpg', '2025-10-04', 15),
(1087, 'Nice product!', 488, 'images/review_photo/user_1.jpg', '2025-10-04', 1),
(1088, 'Good quality!', 489, 'images/review_photo/user_2.jpg', '2025-10-04', 2),
(1089, 'Loved it!', 489, 'images/review_photo/user_3.jpg', '2025-10-04', 3),
(1090, 'Highly recommend!', 490, 'images/review_photo/user_4.jpg', '2025-10-04', 4),
(1091, 'Very satisfied!', 490, 'images/review_photo/user_5.jpg', '2025-10-04', 5),
(1092, 'Nice product!', 491, 'images/review_photo/user_6.jpg', '2025-10-04', 6),
(1093, 'Good quality!', 491, 'images/review_photo/user_7.jpg', '2025-10-04', 7),
(1094, 'Loved it!', 492, 'images/review_photo/user_8.jpg', '2025-10-04', 8),
(1095, 'Highly recommend!', 492, 'images/review_photo/user_9.jpg', '2025-10-04', 9),
(1096, 'Very satisfied!', 493, 'images/review_photo/user_10.jpg', '2025-10-04', 10),
(1097, 'Nice product!', 493, 'images/review_photo/user_11.jpg', '2025-10-04', 11),
(1098, 'Good quality!', 494, 'images/review_photo/user_12.jpg', '2025-10-04', 12),
(1099, 'Loved it!', 494, 'images/review_photo/user_13.jpg', '2025-10-04', 13),
(1100, 'Highly recommend!', 495, 'images/review_photo/user_14.jpg', '2025-10-04', 14),
(1101, 'Very satisfied!', 495, 'images/review_photo/user_15.jpg', '2025-10-04', 15),
(1102, 'Nice product!', 496, 'images/review_photo/user_1.jpg', '2025-10-04', 1),
(1103, 'Good quality!', 496, 'images/review_photo/user_2.jpg', '2025-10-04', 2),
(1104, 'Loved it!', 497, 'images/review_photo/user_3.jpg', '2025-10-04', 3),
(1105, 'Highly recommend!', 497, 'images/review_photo/user_4.jpg', '2025-10-04', 4),
(1106, 'Very satisfied!', 498, 'images/review_photo/user_5.jpg', '2025-10-04', 5),
(1107, 'Nice product!', 498, 'images/review_photo/user_6.jpg', '2025-10-04', 6),
(1108, 'Good quality!', 499, 'images/review_photo/user_7.jpg', '2025-10-04', 7),
(1109, 'Loved it!', 499, 'images/review_photo/user_8.jpg', '2025-10-04', 8),
(1110, 'Highly recommend!', 500, 'images/review_photo/user_9.jpg', '2025-10-04', 9),
(1111, 'Very satisfied!', 500, 'images/review_photo/user_10.jpg', '2025-10-04', 10),
(1112, 'Nice product!', 501, 'images/review_photo/user_11.jpg', '2025-10-04', 11),
(1113, 'Good quality!', 501, 'images/review_photo/user_12.jpg', '2025-10-04', 12),
(1114, 'Loved it!', 502, 'images/review_photo/user_13.jpg', '2025-10-04', 13),
(1115, 'Highly recommend!', 502, 'images/review_photo/user_14.jpg', '2025-10-04', 14),
(1116, 'Very satisfied!', 503, 'images/review_photo/user_15.jpg', '2025-10-04', 15),
(1117, 'Nice product!', 503, 'images/review_photo/user_1.jpg', '2025-10-04', 1),
(1118, 'Good quality!', 504, 'images/review_photo/user_2.jpg', '2025-10-04', 2),
(1119, 'Loved it!', 504, 'images/review_photo/user_3.jpg', '2025-10-04', 3),
(1120, 'Highly recommend!', 505, 'images/review_photo/user_4.jpg', '2025-10-04', 4),
(1121, 'Very satisfied!', 505, 'images/review_photo/user_5.jpg', '2025-10-04', 5),
(1122, 'Nice product!', 506, 'images/review_photo/user_6.jpg', '2025-10-04', 6),
(1123, 'Good quality!', 506, 'images/review_photo/user_7.jpg', '2025-10-04', 7),
(1124, 'Loved it!', 507, 'images/review_photo/user_8.jpg', '2025-10-04', 8),
(1125, 'Highly recommend!', 507, 'images/review_photo/user_9.jpg', '2025-10-04', 9),
(1126, 'Very satisfied!', 508, 'images/review_photo/user_10.jpg', '2025-10-04', 10),
(1127, 'Nice product!', 508, 'images/review_photo/user_11.jpg', '2025-10-04', 11),
(1128, 'Good quality!', 509, 'images/review_photo/user_12.jpg', '2025-10-04', 12),
(1129, 'Loved it!', 509, 'images/review_photo/user_13.jpg', '2025-10-04', 13),
(1130, 'Highly recommend!', 510, 'images/review_photo/user_14.jpg', '2025-10-04', 14),
(1131, 'Very satisfied!', 510, 'images/review_photo/user_15.jpg', '2025-10-04', 15),
(1132, 'Nice product!', 511, 'images/review_photo/user_1.jpg', '2025-10-04', 1),
(1133, 'Good quality!', 511, 'images/review_photo/user_2.jpg', '2025-10-04', 2),
(1134, 'Loved it!', 512, 'images/review_photo/user_3.jpg', '2025-10-04', 3),
(1135, 'Highly recommend!', 512, 'images/review_photo/user_4.jpg', '2025-10-04', 4),
(1136, 'Very satisfied!', 513, 'images/review_photo/user_5.jpg', '2025-10-04', 5),
(1137, 'Nice product!', 513, 'images/review_photo/user_6.jpg', '2025-10-04', 6),
(1138, 'Good quality!', 514, 'images/review_photo/user_7.jpg', '2025-10-04', 7),
(1139, 'Loved it!', 514, 'images/review_photo/user_8.jpg', '2025-10-04', 8),
(1140, 'Highly recommend!', 515, 'images/review_photo/user_9.jpg', '2025-10-04', 9),
(1141, 'Very satisfied!', 515, 'images/review_photo/user_10.jpg', '2025-10-04', 10),
(1142, 'Nice product!', 516, 'images/review_photo/user_11.jpg', '2025-10-04', 11),
(1143, 'Good quality!', 516, 'images/review_photo/user_12.jpg', '2025-10-04', 12),
(1144, 'Loved it!', 517, 'images/review_photo/user_13.jpg', '2025-10-04', 13),
(1145, 'Highly recommend!', 517, 'images/review_photo/user_14.jpg', '2025-10-04', 14),
(1146, 'Very satisfied!', 518, 'images/review_photo/user_15.jpg', '2025-10-04', 15),
(1147, 'Nice product!', 518, 'images/review_photo/user_1.jpg', '2025-10-04', 1),
(1148, 'Good quality!', 519, 'images/review_photo/user_2.jpg', '2025-10-04', 2),
(1149, 'Loved it!', 519, 'images/review_photo/user_3.jpg', '2025-10-04', 3),
(1150, 'Highly recommend!', 520, 'images/review_photo/user_4.jpg', '2025-10-04', 4),
(1151, 'Very satisfied!', 520, 'images/review_photo/user_5.jpg', '2025-10-04', 5),
(1152, 'Nice product!', 521, 'images/review_photo/user_6.jpg', '2025-10-04', 6),
(1153, 'Good quality!', 521, 'images/review_photo/user_7.jpg', '2025-10-04', 7),
(1154, 'Loved it!', 522, 'images/review_photo/user_8.jpg', '2025-10-04', 8),
(1155, 'Highly recommend!', 522, 'images/review_photo/user_9.jpg', '2025-10-04', 9),
(1156, 'Very satisfied!', 523, 'images/review_photo/user_10.jpg', '2025-10-04', 10),
(1157, 'Nice product!', 523, 'images/review_photo/user_11.jpg', '2025-10-04', 11),
(1158, 'Good quality!', 524, 'images/review_photo/user_12.jpg', '2025-10-04', 12),
(1159, 'Loved it!', 524, 'images/review_photo/user_13.jpg', '2025-10-04', 13),
(1160, 'Highly recommend!', 525, 'images/review_photo/user_14.jpg', '2025-10-04', 14),
(1161, 'Very satisfied!', 525, 'images/review_photo/user_15.jpg', '2025-10-04', 15),
(1162, 'Nice product!', 526, 'images/review_photo/user_1.jpg', '2025-10-04', 1),
(1163, 'Good quality!', 526, 'images/review_photo/user_2.jpg', '2025-10-04', 2),
(1164, 'Loved it!', 527, 'images/review_photo/user_3.jpg', '2025-10-04', 3),
(1165, 'Highly recommend!', 527, 'images/review_photo/user_4.jpg', '2025-10-04', 4),
(1166, 'Very satisfied!', 528, 'images/review_photo/user_5.jpg', '2025-10-04', 5),
(1167, 'Nice product!', 528, 'images/review_photo/user_6.jpg', '2025-10-04', 6),
(1168, 'Good quality!', 529, 'images/review_photo/user_7.jpg', '2025-10-04', 7),
(1169, 'Loved it!', 529, 'images/review_photo/user_8.jpg', '2025-10-04', 8),
(1170, 'Highly recommend!', 530, 'images/review_photo/user_9.jpg', '2025-10-04', 9),
(1171, 'Very satisfied!', 530, 'images/review_photo/user_10.jpg', '2025-10-04', 10),
(1172, 'Nice product!', 531, 'images/review_photo/user_11.jpg', '2025-10-04', 11),
(1173, 'Good quality!', 531, 'images/review_photo/user_12.jpg', '2025-10-04', 12),
(1174, 'Loved it!', 532, 'images/review_photo/user_13.jpg', '2025-10-04', 13),
(1175, 'Highly recommend!', 532, 'images/review_photo/user_14.jpg', '2025-10-04', 14),
(1176, 'Very satisfied!', 533, 'images/review_photo/user_15.jpg', '2025-10-04', 15),
(1177, 'Nice product!', 533, 'images/review_photo/user_1.jpg', '2025-10-04', 1),
(1178, 'Good quality!', 534, 'images/review_photo/user_2.jpg', '2025-10-04', 2),
(1179, 'Loved it!', 534, 'images/review_photo/user_3.jpg', '2025-10-04', 3),
(1180, 'Highly recommend!', 535, 'images/review_photo/user_4.jpg', '2025-10-04', 4),
(1181, 'Very satisfied!', 535, 'images/review_photo/user_5.jpg', '2025-10-04', 5),
(1182, 'Nice product!', 536, 'images/review_photo/user_6.jpg', '2025-10-04', 6),
(1183, 'Good quality!', 536, 'images/review_photo/user_7.jpg', '2025-10-04', 7),
(1184, 'Loved it!', 537, 'images/review_photo/user_8.jpg', '2025-10-04', 8),
(1185, 'Highly recommend!', 537, 'images/review_photo/user_9.jpg', '2025-10-04', 9),
(1186, 'Very satisfied!', 538, 'images/review_photo/user_10.jpg', '2025-10-04', 10),
(1187, 'Nice product!', 538, 'images/review_photo/user_11.jpg', '2025-10-04', 11),
(1188, 'Good quality!', 539, 'images/review_photo/user_12.jpg', '2025-10-04', 12),
(1189, 'Loved it!', 539, 'images/review_photo/user_13.jpg', '2025-10-04', 13),
(1190, 'Highly recommend!', 540, 'images/review_photo/user_14.jpg', '2025-10-04', 14),
(1191, 'Very satisfied!', 540, 'images/review_photo/user_15.jpg', '2025-10-04', 15),
(1192, 'Nice product!', 541, 'images/review_photo/user_1.jpg', '2025-10-04', 1),
(1193, 'Good quality!', 541, 'images/review_photo/user_2.jpg', '2025-10-04', 2),
(1194, 'Loved it!', 542, 'images/review_photo/user_3.jpg', '2025-10-04', 3),
(1195, 'Highly recommend!', 542, 'images/review_photo/user_4.jpg', '2025-10-04', 4),
(1196, 'Very satisfied!', 543, 'images/review_photo/user_5.jpg', '2025-10-04', 5),
(1197, 'Nice product!', 543, 'images/review_photo/user_6.jpg', '2025-10-04', 6),
(1198, 'Good quality!', 544, 'images/review_photo/user_7.jpg', '2025-10-04', 7),
(1199, 'Loved it!', 544, 'images/review_photo/user_8.jpg', '2025-10-04', 8),
(1200, 'Highly recommend!', 545, 'images/review_photo/user_9.jpg', '2025-10-04', 9),
(1201, 'Very satisfied!', 545, 'images/review_photo/user_10.jpg', '2025-10-04', 10),
(1202, 'Nice product!', 546, 'images/review_photo/user_11.jpg', '2025-10-04', 11),
(1203, 'Good quality!', 546, 'images/review_photo/user_12.jpg', '2025-10-04', 12),
(1204, 'Loved it!', 547, 'images/review_photo/user_13.jpg', '2025-10-04', 13),
(1205, 'Highly recommend!', 547, 'images/review_photo/user_14.jpg', '2025-10-04', 14),
(1206, 'Very satisfied!', 548, 'images/review_photo/user_15.jpg', '2025-10-04', 15),
(1207, 'Nice product!', 548, 'images/review_photo/user_1.jpg', '2025-10-04', 1),
(1208, 'Good quality!', 549, 'images/review_photo/user_2.jpg', '2025-10-04', 2),
(1209, 'Loved it!', 549, 'images/review_photo/user_3.jpg', '2025-10-04', 3),
(1210, 'Highly recommend!', 550, 'images/review_photo/user_4.jpg', '2025-10-04', 4),
(1211, 'Very satisfied!', 550, 'images/review_photo/user_5.jpg', '2025-10-04', 5),
(1212, 'Nice product!', 551, 'images/review_photo/user_6.jpg', '2025-10-04', 6),
(1213, 'Good quality!', 551, 'images/review_photo/user_7.jpg', '2025-10-04', 7),
(1214, 'Loved it!', 552, 'images/review_photo/user_8.jpg', '2025-10-04', 8),
(1215, 'Highly recommend!', 552, 'images/review_photo/user_9.jpg', '2025-10-04', 9),
(1216, 'Very satisfied!', 553, 'images/review_photo/user_10.jpg', '2025-10-04', 10),
(1217, 'Nice product!', 553, 'images/review_photo/user_11.jpg', '2025-10-04', 11),
(1218, 'Good quality!', 554, 'images/review_photo/user_12.jpg', '2025-10-04', 12),
(1219, 'Loved it!', 554, 'images/review_photo/user_13.jpg', '2025-10-04', 13),
(1220, 'Highly recommend!', 555, 'images/review_photo/user_14.jpg', '2025-10-04', 14),
(1221, 'Very satisfied!', 555, 'images/review_photo/user_15.jpg', '2025-10-04', 15),
(1222, 'Nice product!', 556, 'images/review_photo/user_1.jpg', '2025-10-04', 1),
(1223, 'Good quality!', 556, 'images/review_photo/user_2.jpg', '2025-10-04', 2),
(1224, 'Loved it!', 557, 'images/review_photo/user_3.jpg', '2025-10-04', 3),
(1225, 'Highly recommend!', 557, 'images/review_photo/user_4.jpg', '2025-10-04', 4),
(1226, 'Very satisfied!', 558, 'images/review_photo/user_5.jpg', '2025-10-04', 5),
(1227, 'Nice product!', 558, 'images/review_photo/user_6.jpg', '2025-10-04', 6),
(1228, 'Good quality!', 559, 'images/review_photo/user_7.jpg', '2025-10-04', 7),
(1229, 'Loved it!', 559, 'images/review_photo/user_8.jpg', '2025-10-04', 8),
(1230, 'Highly recommend!', 560, 'images/review_photo/user_9.jpg', '2025-10-04', 9),
(1231, 'Very satisfied!', 560, 'images/review_photo/user_10.jpg', '2025-10-04', 10),
(1232, 'Nice product!', 561, 'images/review_photo/user_11.jpg', '2025-10-04', 11),
(1233, 'Good quality!', 561, 'images/review_photo/user_12.jpg', '2025-10-04', 12),
(1234, 'Loved it!', 562, 'images/review_photo/user_13.jpg', '2025-10-04', 13),
(1235, 'Highly recommend!', 562, 'images/review_photo/user_14.jpg', '2025-10-04', 14),
(1236, 'Very satisfied!', 563, 'images/review_photo/user_15.jpg', '2025-10-04', 15),
(1237, 'Nice product!', 563, 'images/review_photo/user_1.jpg', '2025-10-04', 1),
(1238, 'Good quality!', 564, 'images/review_photo/user_2.jpg', '2025-10-04', 2),
(1239, 'Loved it!', 564, 'images/review_photo/user_3.jpg', '2025-10-04', 3),
(1240, 'Highly recommend!', 565, 'images/review_photo/user_4.jpg', '2025-10-04', 4),
(1241, 'Very satisfied!', 565, 'images/review_photo/user_5.jpg', '2025-10-04', 5),
(1242, 'Nice product!', 566, 'images/review_photo/user_6.jpg', '2025-10-04', 6),
(1243, 'Good quality!', 566, 'images/review_photo/user_7.jpg', '2025-10-04', 7),
(1244, 'Loved it!', 567, 'images/review_photo/user_8.jpg', '2025-10-04', 8),
(1245, 'Highly recommend!', 567, 'images/review_photo/user_9.jpg', '2025-10-04', 9),
(1246, 'Very satisfied!', 568, 'images/review_photo/user_10.jpg', '2025-10-04', 10),
(1247, 'Nice product!', 568, 'images/review_photo/user_11.jpg', '2025-10-04', 11),
(1248, 'Good quality!', 569, 'images/review_photo/user_12.jpg', '2025-10-04', 12),
(1249, 'Loved it!', 569, 'images/review_photo/user_13.jpg', '2025-10-04', 13),
(1250, 'Highly recommend!', 570, 'images/review_photo/user_14.jpg', '2025-10-04', 14),
(1251, 'Very satisfied!', 570, 'images/review_photo/user_15.jpg', '2025-10-04', 15),
(1252, 'Nice product!', 571, 'images/review_photo/user_1.jpg', '2025-10-04', 1),
(1253, 'Good quality!', 571, 'images/review_photo/user_2.jpg', '2025-10-04', 2),
(1254, 'Loved it!', 572, 'images/review_photo/user_3.jpg', '2025-10-04', 3),
(1255, 'Highly recommend!', 572, 'images/review_photo/user_4.jpg', '2025-10-04', 4),
(1256, 'Very satisfied!', 573, 'images/review_photo/user_5.jpg', '2025-10-04', 5),
(1257, 'Nice product!', 573, 'images/review_photo/user_6.jpg', '2025-10-04', 6),
(1258, 'Good quality!', 574, 'images/review_photo/user_7.jpg', '2025-10-04', 7),
(1259, 'Loved it!', 574, 'images/review_photo/user_8.jpg', '2025-10-04', 8),
(1260, 'Highly recommend!', 575, 'images/review_photo/user_9.jpg', '2025-10-04', 9),
(1261, 'Very satisfied!', 575, 'images/review_photo/user_10.jpg', '2025-10-04', 10),
(1262, 'Nice product!', 576, 'images/review_photo/user_11.jpg', '2025-10-04', 11),
(1263, 'Good quality!', 576, 'images/review_photo/user_12.jpg', '2025-10-04', 12),
(1264, 'Loved it!', 577, 'images/review_photo/user_13.jpg', '2025-10-04', 13),
(1265, 'Highly recommend!', 577, 'images/review_photo/user_14.jpg', '2025-10-04', 14),
(1266, 'Very satisfied!', 578, 'images/review_photo/user_15.jpg', '2025-10-04', 15),
(1267, 'Nice product!', 578, 'images/review_photo/user_1.jpg', '2025-10-04', 1),
(1268, 'Good quality!', 579, 'images/review_photo/user_2.jpg', '2025-10-04', 2),
(1269, 'Loved it!', 579, 'images/review_photo/user_3.jpg', '2025-10-04', 3),
(1270, 'Highly recommend!', 580, 'images/review_photo/user_4.jpg', '2025-10-04', 4);
INSERT INTO `review_master_tbl` (`review_id`, `review_message`, `prod_id`, `review_photo`, `review_date`, `user_id`) VALUES
(1271, 'Very satisfied!', 580, 'images/review_photo/user_5.jpg', '2025-10-04', 5),
(1272, 'Nice product!', 581, 'images/review_photo/user_6.jpg', '2025-10-04', 6),
(1273, 'Good quality!', 581, 'images/review_photo/user_7.jpg', '2025-10-04', 7),
(1274, 'Loved it!', 582, 'images/review_photo/user_8.jpg', '2025-10-04', 8),
(1275, 'Highly recommend!', 582, 'images/review_photo/user_9.jpg', '2025-10-04', 9),
(1276, 'Very satisfied!', 583, 'images/review_photo/user_10.jpg', '2025-10-04', 10),
(1277, 'Nice product!', 583, 'images/review_photo/user_11.jpg', '2025-10-04', 11),
(1278, 'Good quality!', 584, 'images/review_photo/user_12.jpg', '2025-10-04', 12),
(1279, 'Loved it!', 584, 'images/review_photo/user_13.jpg', '2025-10-04', 13),
(1280, 'Highly recommend!', 585, 'images/review_photo/user_14.jpg', '2025-10-04', 14);

-- --------------------------------------------------------

--
-- Table structure for table `sub_category_tbl`
--

CREATE TABLE `sub_category_tbl` (
  `sub_cat_id` int(5) NOT NULL,
  `sub_cat_name` varchar(150) NOT NULL,
  `sub_cat_description` varchar(250) DEFAULT NULL,
  `sub_cat_photo` varchar(150) DEFAULT NULL,
  `cat_id` int(5) DEFAULT NULL,
  `sub_cat_price` decimal(10,2) DEFAULT 0.00
) ENGINE=InnoDB DEFAULT CHARSET=utf8mb4;

--
-- Dumping data for table `sub_category_tbl`
--

INSERT INTO `sub_category_tbl` (`sub_cat_id`, `sub_cat_name`, `sub_cat_description`, `sub_cat_photo`, `cat_id`, `sub_cat_price`) VALUES
(1, 'Veg', 'Tasty vegetarian italian pizza options', 'images/sub_cat_photo/veg.jpg', 1, '199.00'),
(2, 'Cheese', 'Loaded with premium cheese', 'images/sub_cat_photo/cheese.jpg', 1, '249.00'),
(3, 'Mania', 'Mini budget-friendly pizzas', 'images/sub_cat_photo/mania.jpg', 1, '149.00'),
(4, 'Only Pizza Slice', 'Single slice servings', 'images/sub_cat_photo/only_pizza_slice.jpg', 1, '79.00'),
(5, 'Cheese Burst Pizza', 'Cheese-filled crust pizzas', 'images/sub_cat_photo/cheese_burst_pizza.jpg', 1, '299.00'),
(6, 'Spicy Pizza', 'Hot and spicy pizzas', 'images/sub_cat_photo/spicy_pizza.jpg', 1, '249.00'),
(7, 'Big Big Pizza', 'Oversized giant pizzas', 'images/sub_cat_photo/big_big_pizza.jpg', 1, '399.00'),
(8, 'Veg', 'Tasty vegetarian Mexican pizzas', 'images/sub_cat_photo/veg.jpg', 2, '209.00'),
(9, 'Cheese', 'Loaded with premium cheese & spices', 'images/sub_cat_photo/cheese.jpg', 2, '259.00'),
(10, 'Spicy Pizza', 'Zesty and spicy Mexican style pizzas', 'images/sub_cat_photo/spicy_pizza.jpg', 2, '269.00'),
(11, 'Only Pizza Slice', 'Single Mexican slice servings', 'images/sub_cat_photo/only_pizza_slice.jpg', 2, '89.00'),
(12, 'Veg', 'Vegetarian peri peri pizzas', 'images/sub_cat_photo/veg.jpg', 3, '229.00'),
(13, 'Cheese Burst Pizza', 'Peri peri cheese burst pizzas', 'images/sub_cat_photo/cheese_burst_pizza.jpg', 3, '319.00'),
(14, 'Only Pizza Slice', 'Peri peri slice option', 'images/sub_cat_photo/only_pizza_slice.jpg', 3, '99.00'),
(15, 'Spicy Pizza', 'Super spicy peri peri pizza', 'images/sub_cat_photo/spicy_pizza.jpg', 3, '289.00'),
(16, 'Mania', 'Mini peri peri pizzas', 'images/sub_cat_photo/mania.jpg', 3, '159.00'),
(17, 'Veg', 'Paneer loaded veggie pizza', 'images/sub_cat_photo/veg.jpg', 4, '239.00'),
(18, 'Cheese', 'Paneer with extra cheese', 'images/sub_cat_photo/cheese.jpg', 4, '269.00'),
(19, 'Cheese Burst Pizza', 'Paneer stuffed cheesy crust pizza', 'images/sub_cat_photo/cheese_burst_pizza.jpg', 4, '329.00'),
(20, 'Spicy Pizza', 'Paneer spicy masala pizza', 'images/sub_cat_photo/spicy_pizza.jpg', 4, '289.00'),
(21, 'Only Pizza Slice', 'Paneer slice option', 'images/sub_cat_photo/only_pizza_slice.jpg', 4, '99.00'),
(22, 'Veg', 'Classic vegetarian margherita', 'images/sub_cat_photo/veg.jpg', 5, '199.00'),
(23, 'Cheese', 'Extra cheesy margherita', 'images/sub_cat_photo/cheese.jpg', 5, '249.00'),
(24, 'Mania', 'Mini margherita pizzas', 'images/sub_cat_photo/mania.jpg', 5, '149.00'),
(25, 'Spicy Pizza', 'Spicy margherita pizza', 'images/sub_cat_photo/spicy_pizza.jpg', 5, '239.00'),
(26, 'Only Pizza Slice', 'Margherita slice option', 'images/sub_cat_photo/only_pizza_slice.jpg', 5, '89.00'),
(27, 'Garlic Breads & More', 'Fresh garlic breads and sides', 'images/sub_cat_photo/garlic_bread.jpg', 6, '129.00'),
(28, 'cake', 'Sweet treats to end your meal', 'images/sub_cat_photo/desserts.jpg', 7, '149.00'),
(29, 'Choco Lava Cake', 'Rich molten lava cake', 'images/sub_cat_photo/choco_lava_cake.jpeg', 7, '129.00'),
(30, 'Cup Cake', 'Soft and fluffy cupcakes', 'images/sub_cat_photo/cup_cake.jpeg', 7, '99.00'),
(31, 'Softy', 'Delicious creamy softy', 'images/sub_cat_photo/softy.jpeg', 7, '59.00'),
(32, 'Party Combos', 'Perfect for celebrations', 'images/sub_cat_photo/party_combos.jpg', 8, '499.00'),
(33, 'Meal for 1', 'Ideal combo for individuals', 'images/sub_cat_photo/meal_for_1.jpg', 8, '299.00'),
(34, '5 Course Launch Feast', 'Complete 5-course meal deal', 'images/sub_cat_photo/5_course.jpg', 8, '599.00'),
(35, 'Burgers', 'Combo offer with pasta', 'images/sub_cat_photo/burgers.jpg', 8, '349.00'),
(36, 'Pastas', 'Combo offer with burger', 'images/sub_cat_photo/pastas.jpg', 8, '329.00'),
(37, 'Pizza cup cake', 'a pizza in a mini cup.', 'images/sub_cat_photo/pizza_cup_cake.jpg', 8, '329.00'),
(38, 'Pizza cones', 'pizza cones...', 'images/sub_cat_photo/pizza_cones.jpg', 8, '329.00'),
(39, ' mini Pizza', 'mini pizza ', 'images/sub_cat_photo/mini_pizza.jpg', 8, '329.00'),
(40, 'Cold-Drinks', 'Chilled refreshing drinks', 'images/sub_cat_photo/cold_drinks.jpg', 9, '69.00'),
(41, 'Coffee', 'Hot brewed coffees', 'images/sub_cat_photo/coffees.jpg', 9, '89.00'),
(42, 'Smoothy..', '                                Hot brewed coffees                        ', 'images/sub_cat_photo/smoothy.jpg', 9, '0.00');

-- --------------------------------------------------------

--
-- Table structure for table `user_master_tbl`
--

CREATE TABLE `user_master_tbl` (
  `user_id` int(5) NOT NULL,
  `user_name` varchar(150) NOT NULL,
  `user_email` varchar(150) DEFAULT NULL,
  `user_address` varchar(250) DEFAULT NULL,
  `user_mobile` varchar(20) DEFAULT NULL,
  `user_password` varchar(50) NOT NULL,
  `user_photo` varchar(150) DEFAULT NULL
) ENGINE=InnoDB DEFAULT CHARSET=utf8mb4;

--
-- Dumping data for table `user_master_tbl`
--

INSERT INTO `user_master_tbl` (`user_id`, `user_name`, `user_email`, `user_address`, `user_mobile`, `user_password`, `user_photo`) VALUES
(1, 'Raj Patel', 'raj_patel@gmail.com', 'Ahmedabad, Gujarat', '9876543211', 'raj@123', './images/user_photo/u1.jpg'),
(2, 'Priya Sharma', 'priya_sharma@gmail.com', 'Delhi', '9812345678', 'priya@456', './images/user_photo/u9.jpg'),
(3, 'Amit Verma', 'amit_verma@gmail.com', 'Lucknow, Uttar Pradesh', '9123456789', 'amit@789', './images/user_photo/u2.jpg'),
(4, 'Sneha Iyer', 'sneha_iyer@gmail.com', 'Chennai, Tamil Nadu', '9001234567', 'sneha@001', './images/user_photo/u10.jpg'),
(5, 'Ravi Mehra', 'ravi_mehra@gmail.com', 'Jaipur, Rajasthan', '9876501234', 'ravi@999', './images/user_photo/u3.jpg'),
(6, 'Anjali Desai', 'anjali_desai@gmail.com', 'Surat, Gujarat', '9988776655', 'anjali@234', './images/user_photo/u11.jpg'),
(7, 'Manish Kapoor', 'manish_kapoor@gmail.com', 'Mumbai, Maharashtra', '9876543201', 'manish@abc', './images/user_photo/u4.jpg'),
(8, 'Neha Joshi', 'neha_joshi@gmail.com', 'Pune, Maharashtra', '9023456789', 'neha@xyz', './images/user_photo/u12.jpg'),
(9, 'Karan Singh', 'karan_singh@gmail.com', 'Amritsar, Punjab', '9898989898', 'karan@321', './images/user_photo/u5.jpg'),
(10, 'Pooja Nair', 'pooja_nair@gmail.com', 'Kochi, Kerala', '9900112233', 'pooja@pass', './images/user_photo/u13.jpg'),
(11, 'Arjun Reddy', 'arjun_reddy@gmail.com', 'Hyderabad, Telangana', '9876512340', 'arjun@123', './images/user_photo/u6.jpg'),
(12, 'Divya Bhatia', 'divya_bhatia@gmail.com', 'Indore, Madhya Pradesh', '9811122233', 'divya@456', './images/user_photo/u14.jpg'),
(13, 'Suresh Kumar', 'suresh_kumar@gmail.com', 'Patna, Bihar', '9334455667', 'suresh@abc', './images/user_photo/u7.jpg'),
(14, 'Meena Roy', 'meena_roy@gmail.com', 'Kolkata, West Bengal', '9009988776', 'meena@pwd', './images/user_photo/u15.jpg'),
(15, 'Vikram Chauhan', 'vikram_chauhan@gmail.com', 'Dehradun, Uttarakhand', '9765432109', 'vikram@789', './images/user_photo/u8.jpg');

--
-- Indexes for dumped tables
--

--
-- Indexes for table `admin_tbl`
--
ALTER TABLE `admin_tbl`
  ADD PRIMARY KEY (`admin_id`);

--
-- Indexes for table `blog_tbl`
--
ALTER TABLE `blog_tbl`
  ADD PRIMARY KEY (`blog_id`),
  ADD KEY `admin_id` (`admin_id`);

--
-- Indexes for table `cart_master_tbl`
--
ALTER TABLE `cart_master_tbl`
  ADD PRIMARY KEY (`cart_id`);

--
-- Indexes for table `category_tbl`
--
ALTER TABLE `category_tbl`
  ADD PRIMARY KEY (`cat_id`);

--
-- Indexes for table `comment_tbl`
--
ALTER TABLE `comment_tbl`
  ADD PRIMARY KEY (`comment_id`),
  ADD KEY `blog_id` (`blog_id`);

--
-- Indexes for table `contact_us`
--
ALTER TABLE `contact_us`
  ADD PRIMARY KEY (`id`),
  ADD KEY `user_id` (`user_id`);

--
-- Indexes for table `customize_cat_tbl`
--
ALTER TABLE `customize_cat_tbl`
  ADD PRIMARY KEY (`c_cat_id`);

--
-- Indexes for table `customize_sub_cat_tbl`
--
ALTER TABLE `customize_sub_cat_tbl`
  ADD PRIMARY KEY (`c_sub_cat_id`);

--
-- Indexes for table `order_master_tbl`
--
ALTER TABLE `order_master_tbl`
  ADD PRIMARY KEY (`order_id`),
  ADD KEY `prod_id` (`prod_id`),
  ADD KEY `user_id` (`user_id`);

--
-- Indexes for table `pizza_order_tbl`
--
ALTER TABLE `pizza_order_tbl`
  ADD PRIMARY KEY (`order_id`);

--
-- Indexes for table `pizza_order_toppings_tbl`
--
ALTER TABLE `pizza_order_toppings_tbl`
  ADD PRIMARY KEY (`id`),
  ADD KEY `order_id` (`order_id`);

--
-- Indexes for table `product_master_tbl`
--
ALTER TABLE `product_master_tbl`
  ADD PRIMARY KEY (`prod_id`);

--
-- Indexes for table `review_master_tbl`
--
ALTER TABLE `review_master_tbl`
  ADD PRIMARY KEY (`review_id`),
  ADD KEY `prod_id` (`prod_id`),
  ADD KEY `user_id` (`user_id`);

--
-- Indexes for table `sub_category_tbl`
--
ALTER TABLE `sub_category_tbl`
  ADD PRIMARY KEY (`sub_cat_id`),
  ADD KEY `cat_id` (`cat_id`);

--
-- Indexes for table `user_master_tbl`
--
ALTER TABLE `user_master_tbl`
  ADD PRIMARY KEY (`user_id`);

--
-- AUTO_INCREMENT for dumped tables
--

--
-- AUTO_INCREMENT for table `admin_tbl`
--
ALTER TABLE `admin_tbl`
  MODIFY `admin_id` int(5) NOT NULL AUTO_INCREMENT, AUTO_INCREMENT=2;

--
-- AUTO_INCREMENT for table `blog_tbl`
--
ALTER TABLE `blog_tbl`
  MODIFY `blog_id` int(5) NOT NULL AUTO_INCREMENT, AUTO_INCREMENT=38;

--
-- AUTO_INCREMENT for table `cart_master_tbl`
--
ALTER TABLE `cart_master_tbl`
  MODIFY `cart_id` int(5) NOT NULL AUTO_INCREMENT, AUTO_INCREMENT=31;

--
-- AUTO_INCREMENT for table `category_tbl`
--
ALTER TABLE `category_tbl`
  MODIFY `cat_id` int(5) NOT NULL AUTO_INCREMENT, AUTO_INCREMENT=125;

--
-- AUTO_INCREMENT for table `comment_tbl`
--
ALTER TABLE `comment_tbl`
  MODIFY `comment_id` int(5) NOT NULL AUTO_INCREMENT, AUTO_INCREMENT=3;

--
-- AUTO_INCREMENT for table `contact_us`
--
ALTER TABLE `contact_us`
  MODIFY `id` int(11) NOT NULL AUTO_INCREMENT, AUTO_INCREMENT=33;

--
-- AUTO_INCREMENT for table `customize_cat_tbl`
--
ALTER TABLE `customize_cat_tbl`
  MODIFY `c_cat_id` int(250) NOT NULL AUTO_INCREMENT, AUTO_INCREMENT=5;

--
-- AUTO_INCREMENT for table `customize_sub_cat_tbl`
--
ALTER TABLE `customize_sub_cat_tbl`
  MODIFY `c_sub_cat_id` int(250) NOT NULL AUTO_INCREMENT, AUTO_INCREMENT=24;

--
-- AUTO_INCREMENT for table `order_master_tbl`
--
ALTER TABLE `order_master_tbl`
  MODIFY `order_id` int(5) NOT NULL AUTO_INCREMENT, AUTO_INCREMENT=30;

--
-- AUTO_INCREMENT for table `pizza_order_tbl`
--
ALTER TABLE `pizza_order_tbl`
  MODIFY `order_id` int(11) NOT NULL AUTO_INCREMENT, AUTO_INCREMENT=52;

--
-- AUTO_INCREMENT for table `pizza_order_toppings_tbl`
--
ALTER TABLE `pizza_order_toppings_tbl`
  MODIFY `id` int(11) NOT NULL AUTO_INCREMENT, AUTO_INCREMENT=111;

--
-- AUTO_INCREMENT for table `product_master_tbl`
--
ALTER TABLE `product_master_tbl`
  MODIFY `prod_id` int(5) NOT NULL AUTO_INCREMENT, AUTO_INCREMENT=586;

--
-- AUTO_INCREMENT for table `review_master_tbl`
--
ALTER TABLE `review_master_tbl`
  MODIFY `review_id` int(5) NOT NULL AUTO_INCREMENT, AUTO_INCREMENT=1282;

--
-- AUTO_INCREMENT for table `sub_category_tbl`
--
ALTER TABLE `sub_category_tbl`
  MODIFY `sub_cat_id` int(5) NOT NULL AUTO_INCREMENT, AUTO_INCREMENT=101;

--
-- AUTO_INCREMENT for table `user_master_tbl`
--
ALTER TABLE `user_master_tbl`
  MODIFY `user_id` int(5) NOT NULL AUTO_INCREMENT, AUTO_INCREMENT=17;

--
-- Constraints for dumped tables
--

--
-- Constraints for table `blog_tbl`
--
ALTER TABLE `blog_tbl`
  ADD CONSTRAINT `blog_tbl_ibfk_1` FOREIGN KEY (`admin_id`) REFERENCES `admin_tbl` (`admin_id`) ON DELETE SET NULL ON UPDATE CASCADE;

--
-- Constraints for table `comment_tbl`
--
ALTER TABLE `comment_tbl`
  ADD CONSTRAINT `comment_tbl_ibfk_1` FOREIGN KEY (`blog_id`) REFERENCES `blog_tbl` (`blog_id`) ON DELETE CASCADE ON UPDATE CASCADE;

--
-- Constraints for table `contact_us`
--
ALTER TABLE `contact_us`
  ADD CONSTRAINT `contact_us_ibfk_1` FOREIGN KEY (`user_id`) REFERENCES `user_master_tbl` (`user_id`);

--
-- Constraints for table `order_master_tbl`
--
ALTER TABLE `order_master_tbl`
  ADD CONSTRAINT `order_master_tbl_ibfk_1` FOREIGN KEY (`prod_id`) REFERENCES `product_master_tbl` (`prod_id`) ON DELETE CASCADE ON UPDATE CASCADE,
  ADD CONSTRAINT `order_master_tbl_ibfk_2` FOREIGN KEY (`user_id`) REFERENCES `user_master_tbl` (`user_id`) ON DELETE CASCADE ON UPDATE CASCADE;

--
-- Constraints for table `pizza_order_toppings_tbl`
--
ALTER TABLE `pizza_order_toppings_tbl`
  ADD CONSTRAINT `pizza_order_toppings_tbl_ibfk_1` FOREIGN KEY (`order_id`) REFERENCES `pizza_order_tbl` (`order_id`) ON DELETE CASCADE;

--
-- Constraints for table `review_master_tbl`
--
ALTER TABLE `review_master_tbl`
  ADD CONSTRAINT `review_master_tbl_ibfk_1` FOREIGN KEY (`prod_id`) REFERENCES `product_master_tbl` (`prod_id`) ON DELETE CASCADE ON UPDATE CASCADE,
  ADD CONSTRAINT `review_master_tbl_ibfk_2` FOREIGN KEY (`user_id`) REFERENCES `user_master_tbl` (`user_id`) ON DELETE CASCADE ON UPDATE CASCADE;

--
-- Constraints for table `sub_category_tbl`
--
ALTER TABLE `sub_category_tbl`
  ADD CONSTRAINT `sub_category_tbl_ibfk_1` FOREIGN KEY (`cat_id`) REFERENCES `category_tbl` (`cat_id`) ON DELETE CASCADE ON UPDATE CASCADE;
COMMIT;

/*!40101 SET CHARACTER_SET_CLIENT=@OLD_CHARACTER_SET_CLIENT */;
/*!40101 SET CHARACTER_SET_RESULTS=@OLD_CHARACTER_SET_RESULTS */;
/*!40101 SET COLLATION_CONNECTION=@OLD_COLLATION_CONNECTION */;
